reviewed_label,filename,path,size_mb,content_sha256,status
clean,clean_from_cj_0001.mp4,/Users/josephkamil/Desktop/Capstone/Oly_Data/segmented/clean/clean_from_cj_0001.mp4,0.155,cabb6dd78bf9278dde02986f7a952c2ec85b3584fde65ffed65f646520f0276c,unused_unique
clean,clean_from_cj_0002.mp4,/Users/josephkamil/Desktop/Capstone/Oly_Data/segmented/clean/clean_from_cj_0002.mp4,0.039,ad05499c6bf60de55e4cae9ecad15b66c5f4e7ce8356e8f1fe1b95c2e78eb955,duplicate_hash
clean,clean_from_cj_0003.mp4,/Users/josephkamil/Desktop/Capstone/Oly_Data/segmented/clean/clean_from_cj_0003.mp4,0.17,4bb45e89b7cdf1c182de7d658de4d47cae73a1b0e7b302fc02a70e7c00ff50d0,duplicate_hash
clean,clean_from_cj_0004.mp4,/Users/josephkamil/Desktop/Capstone/Oly_Data/segmented/clean/clean_from_cj_0004.mp4,0.039,c6477ded87d06f0f8880ea9e90bd0af8b9b091fcc29f7c2787cb1ff491dafafe,unused_unique
clean,clean_from_cj_0005.mp4,/Users/josephkamil/Desktop/Capstone/Oly_Data/segmented/clean/clean_from_cj_0005.mp4,0.151,07261edc94298a4916ac014d5933cc132c76aa86bef36c2ec0dd924185af64a8,unused_unique
clean,clean_from_cj_0006.mp4,/Users/josephkamil/Desktop/Capstone/Oly_Data/segmented/clean/clean_from_cj_0006.mp4,0.115,fa79cf8aa392e18ddaef264e244b52a39b41917765b45c2a554cc906bfac5e12,duplicate_hash
clean,clean_from_cj_0007.mp4,/Users/josephkamil/Desktop/Capstone/Oly_Data/segmented/clean/clean_from_cj_0007.mp4,0.172,666ec184747b7b88f6aa3171ae63235fab92c667ed4db4aea910cb0cce75ec50,unused_unique
clean,clean_from_cj_0008.mp4,/Users/josephkamil/Desktop/Capstone/Oly_Data/segmented/clean/clean_from_cj_0008.mp4,0.177,256cffb8bec04356b0bf7bd630ac465e446086ee9a1c174a74f7fa02f213d8d0,duplicate_hash
clean,clean_from_cj_0009.mp4,/Users/josephkamil/Desktop/Capstone/Oly_Data/segmented/clean/clean_from_cj_0009.mp4,0.155,,already_in_manifest
clean,clean_from_cj_0010.mp4,/Users/josephkamil/Desktop/Capstone/Oly_Data/segmented/clean/clean_from_cj_0010.mp4,0.034,3b9a674aae1928587e1b5df20be05f3d21ab3d0f81984ebf1e8ff5fe8ac0e0ff,unused_unique
clean,clean_from_cj_0011.mp4,/Users/josephkamil/Desktop/Capstone/Oly_Data/segmented/clean/clean_from_cj_0011.mp4,0.096,cb303f46f1ec2ec7b450e8b41b29b78b8ee47b10454661cb22f5d673da11b466,unused_unique
clean,clean_from_cj_0012.mp4,/Users/josephkamil/Desktop/Capstone/Oly_Data/segmented/clean/clean_from_cj_0012.mp4,0.115,2ba368c22c6c7e33f4908875e03f4f1a8c61033a0ae83dcf41ed98b7dcf6ef9f,unused_unique
clean,clean_from_cj_0013.mp4,/Users/josephkamil/Desktop/Capstone/Oly_Data/segmented/clean/clean_from_cj_0013.mp4,0.196,0281adfd2eb0a14f86176fec1f7d6f82b2c6663aca179493c82855869bf9522a,unused_unique
clean,clean_from_cj_0014.mp4,/Users/josephkamil/Desktop/Capstone/Oly_Data/segmented/clean/clean_from_cj_0014.mp4,0.16,eadb61a2a2b1340d82c0655838729baad7786c28523381f439e860ac89f0f4cd,unused_unique
clean,clean_from_cj_0015.mp4,/Users/josephkamil/Desktop/Capstone/Oly_Data/segmented/clean/clean_from_cj_0015.mp4,0.087,,already_in_manifest
clean,clean_from_cj_0016.mp4,/Users/josephkamil/Desktop/Capstone/Oly_Data/segmented/clean/clean_from_cj_0016.mp4,0.124,,already_in_manifest
clean,clean_from_cj_0017.mp4,/Users/josephkamil/Desktop/Capstone/Oly_Data/segmented/clean/clean_from_cj_0017.mp4,0.087,6305277dc216970978ca2d3f3242d81c77923a7351c254785477509776da2930,unused_unique
clean,clean_from_cj_0018.mp4,/Users/josephkamil/Desktop/Capstone/Oly_Data/segmented/clean/clean_from_cj_0018.mp4,0.041,,already_in_manifest
clean,clean_from_cj_0019.mp4,/Users/josephkamil/Desktop/Capstone/Oly_Data/segmented/clean/clean_from_cj_0019.mp4,0.168,83efd1548b965cd691538899d6e6ed35a5c6f454b76444ffc7a9e4761977c7dc,unused_unique
clean,clean_from_cj_0020.mp4,/Users/josephkamil/Desktop/Capstone/Oly_Data/segmented/clean/clean_from_cj_0020.mp4,0.04,e93b27cab9f16eb02567c82050625bd8d1dddab60f42a9747231dd8ffb0d4e5b,unused_unique
clean,clean_from_cj_0021.mp4,/Users/josephkamil/Desktop/Capstone/Oly_Data/segmented/clean/clean_from_cj_0021.mp4,0.086,c7f66913bf3c965fbe78a8eb9cb0c2f1d1246c4a69e9309669d1118627989133,unused_unique
clean,clean_from_cj_0022.mp4,/Users/josephkamil/Desktop/Capstone/Oly_Data/segmented/clean/clean_from_cj_0022.mp4,0.081,12d2a9eaa22603fbea3b1da071522632c653937decebb7d2feb4ae1d7a3a8bfd,unused_unique
clean,clean_from_cj_0023.mp4,/Users/josephkamil/Desktop/Capstone/Oly_Data/segmented/clean/clean_from_cj_0023.mp4,0.172,92c192f7854d73d934f22581ed7d169a8b720270063581f2043ba65da90ca615,unused_unique
clean,clean_from_cj_0024.mp4,/Users/josephkamil/Desktop/Capstone/Oly_Data/segmented/clean/clean_from_cj_0024.mp4,0.041,3691dc24d62baab9080e5b2ccfeb4eb1d48fc32fddc39c6b53e5529810b9949f,unused_unique
clean,clean_from_cj_0025.mp4,/Users/josephkamil/Desktop/Capstone/Oly_Data/segmented/clean/clean_from_cj_0025.mp4,0.044,,already_in_manifest
clean,clean_from_cj_0026.mp4,/Users/josephkamil/Desktop/Capstone/Oly_Data/segmented/clean/clean_from_cj_0026.mp4,0.046,220b2b914572e40787122602e91c3747883612aa22c0a6b1e28e0ed6d86e8441,unused_unique
clean,clean_from_cj_0027.mp4,/Users/josephkamil/Desktop/Capstone/Oly_Data/segmented/clean/clean_from_cj_0027.mp4,0.193,662d3537705a071d3948545460ca4914343487d235cdbbc596d0981aeae11d92,unused_unique
clean,clean_from_cj_0028.mp4,/Users/josephkamil/Desktop/Capstone/Oly_Data/segmented/clean/clean_from_cj_0028.mp4,0.069,16f64486e388e5ad7e725cae46c2cc9b1b8200a4ce0695c9afd98209c5366fc5,unused_unique
clean,clean_from_cj_0029.mp4,/Users/josephkamil/Desktop/Capstone/Oly_Data/segmented/clean/clean_from_cj_0029.mp4,0.053,488d7797cd80a9b1a0be37067f2cca2c5a558d8583e5008026b0e58fd2bf2031,duplicate_hash
clean,clean_from_cj_0030.mp4,/Users/josephkamil/Desktop/Capstone/Oly_Data/segmented/clean/clean_from_cj_0030.mp4,0.11,,already_in_manifest
clean,clean_from_cj_0031.mp4,/Users/josephkamil/Desktop/Capstone/Oly_Data/segmented/clean/clean_from_cj_0031.mp4,0.107,5a23d2f87fa12643cb2e18dddb8fd7185c051e63142867b40917c5f66032f314,unused_unique
clean,clean_from_cj_0032.mp4,/Users/josephkamil/Desktop/Capstone/Oly_Data/segmented/clean/clean_from_cj_0032.mp4,0.2,9c52fe76c0e991d135d69c5f7ca99980c3b26ad745de52176a53e7602e7af704,duplicate_hash
clean,clean_from_cj_0033.mp4,/Users/josephkamil/Desktop/Capstone/Oly_Data/segmented/clean/clean_from_cj_0033.mp4,0.126,d2013fdd9120c7df320316adbcee519931556f8c3c49faf136af69f21b24930f,duplicate_hash
clean,clean_from_cj_0034.mp4,/Users/josephkamil/Desktop/Capstone/Oly_Data/segmented/clean/clean_from_cj_0034.mp4,0.089,26803c5884d32ae432bec5e5aac9f8c35c2e897b28353638673c07ca9f8bcba9,unused_unique
clean,clean_from_cj_0035.mp4,/Users/josephkamil/Desktop/Capstone/Oly_Data/segmented/clean/clean_from_cj_0035.mp4,0.081,9864f3e391db37926b083bdfaf45e73f5b021358216c1d52fef3da5e63243483,unused_unique
clean,clean_from_cj_0036.mp4,/Users/josephkamil/Desktop/Capstone/Oly_Data/segmented/clean/clean_from_cj_0036.mp4,0.137,312dda9f57b00792a6d8597390dd7b6f109468f720dd13fd3e2b4e63340bbb49,duplicate_hash
clean,clean_from_cj_0037.mp4,/Users/josephkamil/Desktop/Capstone/Oly_Data/segmented/clean/clean_from_cj_0037.mp4,0.105,fb2b945ee121e4dcdf308f2be16e392cd6d9a2fcd077ecf0eeb3e9c7338f643e,unused_unique
clean,clean_from_cj_0038.mp4,/Users/josephkamil/Desktop/Capstone/Oly_Data/segmented/clean/clean_from_cj_0038.mp4,0.17,f180788a1f079ec6a52e883c57d812ace5b70299c0cca88679f3e869d75ef534,unused_unique
clean,clean_from_cj_0039.mp4,/Users/josephkamil/Desktop/Capstone/Oly_Data/segmented/clean/clean_from_cj_0039.mp4,0.143,e6f045fab7a7fe3b67f846e8b08598caae4fe3e6c492ee928fd1aa39899c1d01,unused_unique
clean,clean_from_cj_0040.mp4,/Users/josephkamil/Desktop/Capstone/Oly_Data/segmented/clean/clean_from_cj_0040.mp4,0.133,2fe979f3969f9a28028d589960f47cf5b386fb45315a97ab01219eb83ae9cea3,unused_unique
clean,clean_from_cj_0041.mp4,/Users/josephkamil/Desktop/Capstone/Oly_Data/segmented/clean/clean_from_cj_0041.mp4,0.124,07ddf1f3e02d632955c9f2ff8d3f5a9d40c728937ce38c57617c8f0cf4d036d1,unused_unique
clean,clean_from_cj_0042.mp4,/Users/josephkamil/Desktop/Capstone/Oly_Data/segmented/clean/clean_from_cj_0042.mp4,0.149,9fe5d3dd54a0947d2707c4c6efe076d293af635b5099c5ac33dcb26e81983b7e,unused_unique
clean,clean_from_cj_0043.mp4,/Users/josephkamil/Desktop/Capstone/Oly_Data/segmented/clean/clean_from_cj_0043.mp4,0.138,d7b93b46dc60bc5741d3d9b3c8a52836867a136079d0be58420bf2a70fbb7a32,unused_unique
clean,clean_from_cj_0044.mp4,/Users/josephkamil/Desktop/Capstone/Oly_Data/segmented/clean/clean_from_cj_0044.mp4,0.115,5ec8991fd473cb6824fbb2990fe4bd8482822a06a12659275a27627e6c7c0164,unused_unique
clean,clean_from_cj_0045.mp4,/Users/josephkamil/Desktop/Capstone/Oly_Data/segmented/clean/clean_from_cj_0045.mp4,0.11,,already_in_manifest
clean,clean_from_cj_0046.mp4,/Users/josephkamil/Desktop/Capstone/Oly_Data/segmented/clean/clean_from_cj_0046.mp4,0.191,d9b89e1ab6f48bd69c0ba8dbf1b74397a0788347f3d661843573a44754c57269,unused_unique
clean,clean_from_cj_0047.mp4,/Users/josephkamil/Desktop/Capstone/Oly_Data/segmented/clean/clean_from_cj_0047.mp4,0.138,439b42e5f3f90c4bc362a270f019ef3f0d9e7e4b39ef5459d250d0cf4f18afe2,unused_unique
clean,clean_from_cj_0048.mp4,/Users/josephkamil/Desktop/Capstone/Oly_Data/segmented/clean/clean_from_cj_0048.mp4,0.13,87cfbe76c74dbbc00ba499b1d4cf66637aefe0e0328ab178be40e6a57a4b5eca,duplicate_hash
clean,clean_from_cj_0049.mp4,/Users/josephkamil/Desktop/Capstone/Oly_Data/segmented/clean/clean_from_cj_0049.mp4,0.129,eb9f8ebfb750ef9a63e4b11bad424ad577d61123e5e3de10fe8340060c17e793,unused_unique
clean,clean_from_cj_0050.mp4,/Users/josephkamil/Desktop/Capstone/Oly_Data/segmented/clean/clean_from_cj_0050.mp4,0.13,55fcb198b4ba605df1ddfa26c5caaf415c813e9ea26854057553a034c4294f6b,unused_unique
clean,clean_from_cj_0051.mp4,/Users/josephkamil/Desktop/Capstone/Oly_Data/segmented/clean/clean_from_cj_0051.mp4,0.112,728625d29bd0620e3efedbcd581e18323288d938a179a2e4ccab1a0858f2a5ea,unused_unique
clean,clean_from_cj_0052.mp4,/Users/josephkamil/Desktop/Capstone/Oly_Data/segmented/clean/clean_from_cj_0052.mp4,0.104,3cc83bcd059b6b4a8e2d130a79e60105429a6b4d548cd3bf6ad90075a3044c3d,unused_unique
clean,clean_from_cj_0053.mp4,/Users/josephkamil/Desktop/Capstone/Oly_Data/segmented/clean/clean_from_cj_0053.mp4,0.109,a7e66702af650ecda43f34630efcd40d7647e7a816ca1207d870f11bab82c84f,unused_unique
clean,clean_from_cj_0054.mp4,/Users/josephkamil/Desktop/Capstone/Oly_Data/segmented/clean/clean_from_cj_0054.mp4,0.15,fa1e3258e924ee9e2a25f3a97859f4f805cdabf85d5aa40dedf62608207cf1b6,duplicate_hash
clean,clean_from_cj_0055.mp4,/Users/josephkamil/Desktop/Capstone/Oly_Data/segmented/clean/clean_from_cj_0055.mp4,0.114,,already_in_manifest
clean,clean_from_cj_0056.mp4,/Users/josephkamil/Desktop/Capstone/Oly_Data/segmented/clean/clean_from_cj_0056.mp4,0.117,b083d13c639eee9133318e4da1b89640d2e14abedef07f857b8e36534e5409ef,unused_unique
clean,clean_from_cj_0057.mp4,/Users/josephkamil/Desktop/Capstone/Oly_Data/segmented/clean/clean_from_cj_0057.mp4,0.149,9a688d28757bf04e9d4f638015d162c60805179b100239d35c3974e15435ba17,unused_unique
clean,clean_from_cj_0058.mp4,/Users/josephkamil/Desktop/Capstone/Oly_Data/segmented/clean/clean_from_cj_0058.mp4,0.107,69d7d10cae5b2852d6df604cb6d38cedeea6a92c46f73d842e118adf75efa5f2,unused_unique
clean,clean_from_cj_0059.mp4,/Users/josephkamil/Desktop/Capstone/Oly_Data/segmented/clean/clean_from_cj_0059.mp4,0.026,c6f2b9b839fce1daa6c85e15db0254758792fa72a3aa0c79201261ede83ce226,unused_unique
clean,clean_from_cj_0060.mp4,/Users/josephkamil/Desktop/Capstone/Oly_Data/segmented/clean/clean_from_cj_0060.mp4,0.058,0e8973efc1a0dd696708da197cf84a4dc16fe2038bbb132e00f3b29dcc3ddd4e,duplicate_hash
clean,clean_from_cj_0061.mp4,/Users/josephkamil/Desktop/Capstone/Oly_Data/segmented/clean/clean_from_cj_0061.mp4,0.077,f8a0646446573316a16bdfc7596be7e708a032590eaff04c344eb54961ba3852,unused_unique
clean,clean_from_cj_0062.mp4,/Users/josephkamil/Desktop/Capstone/Oly_Data/segmented/clean/clean_from_cj_0062.mp4,0.06,7faa2d27c5c6e4a64ef33fd5b6f835689c74f3a88dee37a1be5de96a394f4a7b,unused_unique
clean,clean_from_cj_0063.mp4,/Users/josephkamil/Desktop/Capstone/Oly_Data/segmented/clean/clean_from_cj_0063.mp4,0.079,6f5c59fbf00747821aa96b479afff621724f1fc1ebf409d9f8c078156726a247,unused_unique
clean,clean_from_cj_0064.mp4,/Users/josephkamil/Desktop/Capstone/Oly_Data/segmented/clean/clean_from_cj_0064.mp4,0.027,b46eed7cee3c1c810dcc777a6a7fe37ad886a24b5f3d341f4d23ea6751a2bc33,unused_unique
clean,clean_from_cj_0065.mp4,/Users/josephkamil/Desktop/Capstone/Oly_Data/segmented/clean/clean_from_cj_0065.mp4,0.088,8d8a72d29ce3ed0063e33790af1e979c7ecc72ce2ce11244122439a5697049b9,unused_unique
clean,clean_from_cj_0066.mp4,/Users/josephkamil/Desktop/Capstone/Oly_Data/segmented/clean/clean_from_cj_0066.mp4,0.103,cc548845cd8296edeb19f8dcad8d485ddd85fd82a72a080c88901b4c2343bc9e,duplicate_hash
clean,clean_from_cj_0067.mp4,/Users/josephkamil/Desktop/Capstone/Oly_Data/segmented/clean/clean_from_cj_0067.mp4,0.076,,already_in_manifest
clean,clean_from_cj_0068.mp4,/Users/josephkamil/Desktop/Capstone/Oly_Data/segmented/clean/clean_from_cj_0068.mp4,0.086,,already_in_manifest
clean,clean_from_cj_0069.mp4,/Users/josephkamil/Desktop/Capstone/Oly_Data/segmented/clean/clean_from_cj_0069.mp4,0.062,,already_in_manifest
clean,clean_from_cj_0070.mp4,/Users/josephkamil/Desktop/Capstone/Oly_Data/segmented/clean/clean_from_cj_0070.mp4,0.144,3b2724b2034643d11318adeec98444e9f901ea925703b86d6a4c49c826a25ccb,unused_unique
clean,clean_from_cj_0071.mp4,/Users/josephkamil/Desktop/Capstone/Oly_Data/segmented/clean/clean_from_cj_0071.mp4,0.08,b635ebf60d7b2bd1ce6a2137829116cbf980cab7e4e9f19bfc07cd7b7bbbcb75,unused_unique
clean,clean_from_cj_0072.mp4,/Users/josephkamil/Desktop/Capstone/Oly_Data/segmented/clean/clean_from_cj_0072.mp4,0.088,702cd81b6591b2ecc9c63e4519c8d9a16b8db3ddf0e4a03d43cf7a5181884752,duplicate_hash
clean,clean_from_cj_0073.mp4,/Users/josephkamil/Desktop/Capstone/Oly_Data/segmented/clean/clean_from_cj_0073.mp4,0.026,,already_in_manifest
clean,clean_from_cj_0074.mp4,/Users/josephkamil/Desktop/Capstone/Oly_Data/segmented/clean/clean_from_cj_0074.mp4,0.169,cf763ab684c0b20145ddfcb7b664cb519cba283e74b4cb9f2285df8eb1bafe98,duplicate_hash
clean,clean_from_cj_0075.mp4,/Users/josephkamil/Desktop/Capstone/Oly_Data/segmented/clean/clean_from_cj_0075.mp4,0.056,,already_in_manifest
clean,clean_from_cj_0076.mp4,/Users/josephkamil/Desktop/Capstone/Oly_Data/segmented/clean/clean_from_cj_0076.mp4,0.056,43ae1507ca7162bfa9921fd6e2e02dedc21d945a6a125434e74e17bb8408030b,unused_unique
clean,clean_from_cj_0077.mp4,/Users/josephkamil/Desktop/Capstone/Oly_Data/segmented/clean/clean_from_cj_0077.mp4,0.06,5490373145c8abd9e576ea50065cb26e7d2aee8cbd61bb49c23f59ea5c22d8c9,unused_unique
clean,clean_from_cj_0078.mp4,/Users/josephkamil/Desktop/Capstone/Oly_Data/segmented/clean/clean_from_cj_0078.mp4,0.077,3751dc71aa45738216e8a4aa1226689d39721cf93d161a87050ff793d591e177,duplicate_hash
clean,clean_from_cj_0079.mp4,/Users/josephkamil/Desktop/Capstone/Oly_Data/segmented/clean/clean_from_cj_0079.mp4,0.183,,already_in_manifest
clean,clean_from_cj_0080.mp4,/Users/josephkamil/Desktop/Capstone/Oly_Data/segmented/clean/clean_from_cj_0080.mp4,0.056,9363679966050743513004f88f16e8a267a6b9d000be9ead263730ff561be644,unused_unique
clean,clean_from_cj_0081.mp4,/Users/josephkamil/Desktop/Capstone/Oly_Data/segmented/clean/clean_from_cj_0081.mp4,0.059,d275c190459430ea97ea6d38d71d9f2e06a2d09241594850c054fba167524950,unused_unique
clean,clean_from_cj_0082.mp4,/Users/josephkamil/Desktop/Capstone/Oly_Data/segmented/clean/clean_from_cj_0082.mp4,0.143,,already_in_manifest
clean,clean_from_cj_0083.mp4,/Users/josephkamil/Desktop/Capstone/Oly_Data/segmented/clean/clean_from_cj_0083.mp4,0.076,f079df33292c6d4037c877dc3931f9ea9bf849cba60496dab1f800fc8514412b,unused_unique
clean,clean_from_cj_0084.mp4,/Users/josephkamil/Desktop/Capstone/Oly_Data/segmented/clean/clean_from_cj_0084.mp4,0.134,,already_in_manifest
clean,clean_from_cj_0085.mp4,/Users/josephkamil/Desktop/Capstone/Oly_Data/segmented/clean/clean_from_cj_0085.mp4,0.121,c8a4665e34e2af1db856ab3744b333affe0673f676f6992cb9c1d40932964d86,duplicate_hash
clean,clean_from_cj_0086.mp4,/Users/josephkamil/Desktop/Capstone/Oly_Data/segmented/clean/clean_from_cj_0086.mp4,0.088,55017318f6f9704f0a70ce55dd68013faf5e3b9e1a99e1cde0e6eacc8ce99326,unused_unique
clean,clean_from_cj_0087.mp4,/Users/josephkamil/Desktop/Capstone/Oly_Data/segmented/clean/clean_from_cj_0087.mp4,0.079,105aae86cd00cbf3d31b90f7d85c0aacb2302ec7b71d61bf7c561e5c08670497,duplicate_hash
clean,clean_from_cj_0088.mp4,/Users/josephkamil/Desktop/Capstone/Oly_Data/segmented/clean/clean_from_cj_0088.mp4,0.079,565e76418a0e35490c7123bc905626eccee00172c978838cfbebc51ba2c8d888,unused_unique
clean,clean_from_cj_0089.mp4,/Users/josephkamil/Desktop/Capstone/Oly_Data/segmented/clean/clean_from_cj_0089.mp4,0.107,f0a5422532922b7baee8a01830aba963efab5193ca7b43bead4a9f826fd93f02,unused_unique
clean,clean_from_cj_0090.mp4,/Users/josephkamil/Desktop/Capstone/Oly_Data/segmented/clean/clean_from_cj_0090.mp4,0.127,104350aded90c763f6dc2ed048abb6e3df4404b7695600e427e6f2f3a93eabe6,unused_unique
clean,clean_from_cj_0091.mp4,/Users/josephkamil/Desktop/Capstone/Oly_Data/segmented/clean/clean_from_cj_0091.mp4,0.124,0bd430b344f768041b94d9b1726054310739728c3f38dfda67f5c15e709b1f79,unused_unique
clean,clean_from_cj_0092.mp4,/Users/josephkamil/Desktop/Capstone/Oly_Data/segmented/clean/clean_from_cj_0092.mp4,0.111,ae46e9e3acc679cdae5f0b91c9b6c087ab02718d632480572177b0cd683626f0,unused_unique
clean,clean_from_cj_0093.mp4,/Users/josephkamil/Desktop/Capstone/Oly_Data/segmented/clean/clean_from_cj_0093.mp4,0.104,,already_in_manifest
clean,clean_from_cj_0094.mp4,/Users/josephkamil/Desktop/Capstone/Oly_Data/segmented/clean/clean_from_cj_0094.mp4,0.128,dc8c25fd9c68d12b3b2d4e51ac0c80a6cc5602373b27bd73a23a7cfca958b718,duplicate_hash
clean,clean_from_cj_0095.mp4,/Users/josephkamil/Desktop/Capstone/Oly_Data/segmented/clean/clean_from_cj_0095.mp4,0.109,3bb26423710250a5ed4599cd7a66000e1deaa404a9791a815b7721dfddd9fa71,unused_unique
clean,clean_from_cj_0096.mp4,/Users/josephkamil/Desktop/Capstone/Oly_Data/segmented/clean/clean_from_cj_0096.mp4,0.182,be04f3d2aa0a1183f9a7e27366328f28484567a42e871d752536ccffb190789a,duplicate_hash
clean,clean_from_cj_0097.mp4,/Users/josephkamil/Desktop/Capstone/Oly_Data/segmented/clean/clean_from_cj_0097.mp4,0.086,,already_in_manifest
clean,clean_from_cj_0098.mp4,/Users/josephkamil/Desktop/Capstone/Oly_Data/segmented/clean/clean_from_cj_0098.mp4,0.132,767a735724dee805d32c5562f7105061304ae2e480edc2f8ccaaf5796b09db5c,unused_unique
clean,clean_from_cj_0099.mp4,/Users/josephkamil/Desktop/Capstone/Oly_Data/segmented/clean/clean_from_cj_0099.mp4,0.079,46691f6bb7baca06650055d51b68aa2d959fde211d5d78b4f408ecbde35b8839,unused_unique
clean,clean_from_cj_0100.mp4,/Users/josephkamil/Desktop/Capstone/Oly_Data/segmented/clean/clean_from_cj_0100.mp4,0.133,f2db1a0183349a33620450c8058c72546e2f6e45c1ccb07d4743808c6a43063e,duplicate_hash
clean,clean_from_cj_0101.mp4,/Users/josephkamil/Desktop/Capstone/Oly_Data/segmented/clean/clean_from_cj_0101.mp4,0.135,,already_in_manifest
clean,clean_from_cj_0102.mp4,/Users/josephkamil/Desktop/Capstone/Oly_Data/segmented/clean/clean_from_cj_0102.mp4,0.156,a6866a88427ad3f3cc0b3ce7f011f46d8dac96b76365ffa7e20c7327548dd405,unused_unique
clean,clean_from_cj_0103.mp4,/Users/josephkamil/Desktop/Capstone/Oly_Data/segmented/clean/clean_from_cj_0103.mp4,0.079,631e509899d6db6de482a21c57b950ed9a878fc93aa1565bb41870be19f54b99,unused_unique
clean,clean_from_cj_0104.mp4,/Users/josephkamil/Desktop/Capstone/Oly_Data/segmented/clean/clean_from_cj_0104.mp4,0.12,,already_in_manifest
clean,clean_from_cj_0105.mp4,/Users/josephkamil/Desktop/Capstone/Oly_Data/segmented/clean/clean_from_cj_0105.mp4,0.13,96c35569b58e8eb15826f56e25f6d385e3f887dce00b3d82abd89760a36fa15e,unused_unique
clean,clean_from_cj_0106.mp4,/Users/josephkamil/Desktop/Capstone/Oly_Data/segmented/clean/clean_from_cj_0106.mp4,0.163,76ef84134625c06fc5c2f0529f510848f6e7fa4b830d28834749ec1ca42b5319,unused_unique
clean,clean_from_cj_0107.mp4,/Users/josephkamil/Desktop/Capstone/Oly_Data/segmented/clean/clean_from_cj_0107.mp4,0.073,e8aac71d4013024fcdaead1dbe860e3ea70422ac50e523c50e5c06b4b1d6e964,unused_unique
clean,clean_from_cj_0108.mp4,/Users/josephkamil/Desktop/Capstone/Oly_Data/segmented/clean/clean_from_cj_0108.mp4,0.123,2a16d72d09d6b3f61afdd37a144b402a9b8bee6f74c953534af8ff29773d0c14,unused_unique
clean,clean_from_cj_0109.mp4,/Users/josephkamil/Desktop/Capstone/Oly_Data/segmented/clean/clean_from_cj_0109.mp4,0.161,9d430da8ae1e75d6695cef9dfa635fe55fee373ea33c07b168ecb5636bd897ee,duplicate_hash
clean,clean_from_cj_0110.mp4,/Users/josephkamil/Desktop/Capstone/Oly_Data/segmented/clean/clean_from_cj_0110.mp4,0.082,f50231147c1ae90945d55690c5bb4f5eae856bc254112d8f089c2c8792c9269e,unused_unique
clean,clean_from_cj_0111.mp4,/Users/josephkamil/Desktop/Capstone/Oly_Data/segmented/clean/clean_from_cj_0111.mp4,0.182,,already_in_manifest
clean,clean_from_cj_0112.mp4,/Users/josephkamil/Desktop/Capstone/Oly_Data/segmented/clean/clean_from_cj_0112.mp4,0.155,cabb6dd78bf9278dde02986f7a952c2ec85b3584fde65ffed65f646520f0276c,unused_unique
clean,clean_from_cj_0113.mp4,/Users/josephkamil/Desktop/Capstone/Oly_Data/segmented/clean/clean_from_cj_0113.mp4,0.039,,already_in_manifest
clean,clean_from_cj_0114.mp4,/Users/josephkamil/Desktop/Capstone/Oly_Data/segmented/clean/clean_from_cj_0114.mp4,0.17,,already_in_manifest
clean,clean_from_cj_0115.mp4,/Users/josephkamil/Desktop/Capstone/Oly_Data/segmented/clean/clean_from_cj_0115.mp4,0.039,c6477ded87d06f0f8880ea9e90bd0af8b9b091fcc29f7c2787cb1ff491dafafe,unused_unique
clean,clean_from_cj_0116.mp4,/Users/josephkamil/Desktop/Capstone/Oly_Data/segmented/clean/clean_from_cj_0116.mp4,0.151,07261edc94298a4916ac014d5933cc132c76aa86bef36c2ec0dd924185af64a8,unused_unique
clean,clean_from_cj_0117.mp4,/Users/josephkamil/Desktop/Capstone/Oly_Data/segmented/clean/clean_from_cj_0117.mp4,0.115,,already_in_manifest
clean,clean_from_cj_0118.mp4,/Users/josephkamil/Desktop/Capstone/Oly_Data/segmented/clean/clean_from_cj_0118.mp4,0.172,666ec184747b7b88f6aa3171ae63235fab92c667ed4db4aea910cb0cce75ec50,unused_unique
clean,clean_from_cj_0119.mp4,/Users/josephkamil/Desktop/Capstone/Oly_Data/segmented/clean/clean_from_cj_0119.mp4,0.177,,already_in_manifest
clean,clean_from_cj_0120.mp4,/Users/josephkamil/Desktop/Capstone/Oly_Data/segmented/clean/clean_from_cj_0120.mp4,0.155,624c00d8eafd2d9e4cf04417930b1100b4c796bd330c4a1b66375f5e22dbc713,duplicate_hash
clean,clean_from_cj_0121.mp4,/Users/josephkamil/Desktop/Capstone/Oly_Data/segmented/clean/clean_from_cj_0121.mp4,0.034,3b9a674aae1928587e1b5df20be05f3d21ab3d0f81984ebf1e8ff5fe8ac0e0ff,unused_unique
clean,clean_from_cj_0122.mp4,/Users/josephkamil/Desktop/Capstone/Oly_Data/segmented/clean/clean_from_cj_0122.mp4,0.096,cb303f46f1ec2ec7b450e8b41b29b78b8ee47b10454661cb22f5d673da11b466,unused_unique
clean,clean_from_cj_0123.mp4,/Users/josephkamil/Desktop/Capstone/Oly_Data/segmented/clean/clean_from_cj_0123.mp4,0.115,2ba368c22c6c7e33f4908875e03f4f1a8c61033a0ae83dcf41ed98b7dcf6ef9f,unused_unique
clean,clean_from_cj_0124.mp4,/Users/josephkamil/Desktop/Capstone/Oly_Data/segmented/clean/clean_from_cj_0124.mp4,0.196,0281adfd2eb0a14f86176fec1f7d6f82b2c6663aca179493c82855869bf9522a,unused_unique
clean,clean_from_cj_0125.mp4,/Users/josephkamil/Desktop/Capstone/Oly_Data/segmented/clean/clean_from_cj_0125.mp4,0.16,eadb61a2a2b1340d82c0655838729baad7786c28523381f439e860ac89f0f4cd,unused_unique
clean,clean_from_cj_0126.mp4,/Users/josephkamil/Desktop/Capstone/Oly_Data/segmented/clean/clean_from_cj_0126.mp4,0.087,1c6388efe03a691debb4c8b37ee0bbbba99201158027a31460a70cf0bafa32e6,duplicate_hash
clean,clean_from_cj_0127.mp4,/Users/josephkamil/Desktop/Capstone/Oly_Data/segmented/clean/clean_from_cj_0127.mp4,0.124,6d28077db6fd270c8bd8f0770bc314e9e5d772d052c2d7b66f76d33f761c9fd6,duplicate_hash
clean,clean_from_cj_0128.mp4,/Users/josephkamil/Desktop/Capstone/Oly_Data/segmented/clean/clean_from_cj_0128.mp4,0.087,6305277dc216970978ca2d3f3242d81c77923a7351c254785477509776da2930,unused_unique
clean,clean_from_cj_0129.mp4,/Users/josephkamil/Desktop/Capstone/Oly_Data/segmented/clean/clean_from_cj_0129.mp4,0.041,771b761080f7db45aa074f5dc26d8a9d07981773ab77cd5d7e70b5bf7981f292,duplicate_hash
clean,clean_from_cj_0130.mp4,/Users/josephkamil/Desktop/Capstone/Oly_Data/segmented/clean/clean_from_cj_0130.mp4,0.168,83efd1548b965cd691538899d6e6ed35a5c6f454b76444ffc7a9e4761977c7dc,unused_unique
clean,clean_from_cj_0131.mp4,/Users/josephkamil/Desktop/Capstone/Oly_Data/segmented/clean/clean_from_cj_0131.mp4,0.04,e93b27cab9f16eb02567c82050625bd8d1dddab60f42a9747231dd8ffb0d4e5b,unused_unique
clean,clean_from_cj_0132.mp4,/Users/josephkamil/Desktop/Capstone/Oly_Data/segmented/clean/clean_from_cj_0132.mp4,0.086,c7f66913bf3c965fbe78a8eb9cb0c2f1d1246c4a69e9309669d1118627989133,unused_unique
clean,clean_from_cj_0133.mp4,/Users/josephkamil/Desktop/Capstone/Oly_Data/segmented/clean/clean_from_cj_0133.mp4,0.081,12d2a9eaa22603fbea3b1da071522632c653937decebb7d2feb4ae1d7a3a8bfd,unused_unique
clean,clean_from_cj_0134.mp4,/Users/josephkamil/Desktop/Capstone/Oly_Data/segmented/clean/clean_from_cj_0134.mp4,0.172,92c192f7854d73d934f22581ed7d169a8b720270063581f2043ba65da90ca615,unused_unique
clean,clean_from_cj_0135.mp4,/Users/josephkamil/Desktop/Capstone/Oly_Data/segmented/clean/clean_from_cj_0135.mp4,0.041,3691dc24d62baab9080e5b2ccfeb4eb1d48fc32fddc39c6b53e5529810b9949f,unused_unique
clean,clean_from_cj_0136.mp4,/Users/josephkamil/Desktop/Capstone/Oly_Data/segmented/clean/clean_from_cj_0136.mp4,0.044,4dc95a5566db57e21fdd7b5d053523aed5a3876d26627e5c19eab698d2625f16,duplicate_hash
clean,clean_from_cj_0137.mp4,/Users/josephkamil/Desktop/Capstone/Oly_Data/segmented/clean/clean_from_cj_0137.mp4,0.046,220b2b914572e40787122602e91c3747883612aa22c0a6b1e28e0ed6d86e8441,unused_unique
clean,clean_from_cj_0138.mp4,/Users/josephkamil/Desktop/Capstone/Oly_Data/segmented/clean/clean_from_cj_0138.mp4,0.193,662d3537705a071d3948545460ca4914343487d235cdbbc596d0981aeae11d92,unused_unique
clean,clean_from_cj_0139.mp4,/Users/josephkamil/Desktop/Capstone/Oly_Data/segmented/clean/clean_from_cj_0139.mp4,0.069,16f64486e388e5ad7e725cae46c2cc9b1b8200a4ce0695c9afd98209c5366fc5,unused_unique
clean,clean_from_cj_0140.mp4,/Users/josephkamil/Desktop/Capstone/Oly_Data/segmented/clean/clean_from_cj_0140.mp4,0.053,,already_in_manifest
clean,clean_from_cj_0141.mp4,/Users/josephkamil/Desktop/Capstone/Oly_Data/segmented/clean/clean_from_cj_0141.mp4,0.11,e52b1cf0c9a40c167fd26344901569a3f5d2839e35dfab3ee0e8b99b1d405249,duplicate_hash
clean,clean_from_cj_0142.mp4,/Users/josephkamil/Desktop/Capstone/Oly_Data/segmented/clean/clean_from_cj_0142.mp4,0.107,5a23d2f87fa12643cb2e18dddb8fd7185c051e63142867b40917c5f66032f314,unused_unique
clean,clean_from_cj_0143.mp4,/Users/josephkamil/Desktop/Capstone/Oly_Data/segmented/clean/clean_from_cj_0143.mp4,0.2,,already_in_manifest
clean,clean_from_cj_0144.mp4,/Users/josephkamil/Desktop/Capstone/Oly_Data/segmented/clean/clean_from_cj_0144.mp4,0.126,,already_in_manifest
clean,clean_from_cj_0145.mp4,/Users/josephkamil/Desktop/Capstone/Oly_Data/segmented/clean/clean_from_cj_0145.mp4,0.089,26803c5884d32ae432bec5e5aac9f8c35c2e897b28353638673c07ca9f8bcba9,unused_unique
clean,clean_from_cj_0146.mp4,/Users/josephkamil/Desktop/Capstone/Oly_Data/segmented/clean/clean_from_cj_0146.mp4,0.081,9864f3e391db37926b083bdfaf45e73f5b021358216c1d52fef3da5e63243483,unused_unique
clean,clean_from_cj_0147.mp4,/Users/josephkamil/Desktop/Capstone/Oly_Data/segmented/clean/clean_from_cj_0147.mp4,0.137,,already_in_manifest
clean,clean_from_cj_0148.mp4,/Users/josephkamil/Desktop/Capstone/Oly_Data/segmented/clean/clean_from_cj_0148.mp4,0.105,fb2b945ee121e4dcdf308f2be16e392cd6d9a2fcd077ecf0eeb3e9c7338f643e,unused_unique
clean,clean_from_cj_0149.mp4,/Users/josephkamil/Desktop/Capstone/Oly_Data/segmented/clean/clean_from_cj_0149.mp4,0.17,f180788a1f079ec6a52e883c57d812ace5b70299c0cca88679f3e869d75ef534,unused_unique
clean,clean_from_cj_0150.mp4,/Users/josephkamil/Desktop/Capstone/Oly_Data/segmented/clean/clean_from_cj_0150.mp4,0.143,e6f045fab7a7fe3b67f846e8b08598caae4fe3e6c492ee928fd1aa39899c1d01,unused_unique
clean,clean_from_cj_0151.mp4,/Users/josephkamil/Desktop/Capstone/Oly_Data/segmented/clean/clean_from_cj_0151.mp4,0.133,2fe979f3969f9a28028d589960f47cf5b386fb45315a97ab01219eb83ae9cea3,unused_unique
clean,clean_from_cj_0152.mp4,/Users/josephkamil/Desktop/Capstone/Oly_Data/segmented/clean/clean_from_cj_0152.mp4,0.124,07ddf1f3e02d632955c9f2ff8d3f5a9d40c728937ce38c57617c8f0cf4d036d1,unused_unique
clean,clean_from_cj_0153.mp4,/Users/josephkamil/Desktop/Capstone/Oly_Data/segmented/clean/clean_from_cj_0153.mp4,0.149,9fe5d3dd54a0947d2707c4c6efe076d293af635b5099c5ac33dcb26e81983b7e,unused_unique
clean,clean_from_cj_0154.mp4,/Users/josephkamil/Desktop/Capstone/Oly_Data/segmented/clean/clean_from_cj_0154.mp4,0.138,d7b93b46dc60bc5741d3d9b3c8a52836867a136079d0be58420bf2a70fbb7a32,unused_unique
clean,clean_from_cj_0155.mp4,/Users/josephkamil/Desktop/Capstone/Oly_Data/segmented/clean/clean_from_cj_0155.mp4,0.115,5ec8991fd473cb6824fbb2990fe4bd8482822a06a12659275a27627e6c7c0164,unused_unique
clean,clean_from_cj_0156.mp4,/Users/josephkamil/Desktop/Capstone/Oly_Data/segmented/clean/clean_from_cj_0156.mp4,0.11,5d8ef34238172015c6bab512989442c396a7f7227d206ba96138b4aa554e9543,duplicate_hash
clean,clean_from_cj_0157.mp4,/Users/josephkamil/Desktop/Capstone/Oly_Data/segmented/clean/clean_from_cj_0157.mp4,0.191,d9b89e1ab6f48bd69c0ba8dbf1b74397a0788347f3d661843573a44754c57269,unused_unique
clean,clean_from_cj_0158.mp4,/Users/josephkamil/Desktop/Capstone/Oly_Data/segmented/clean/clean_from_cj_0158.mp4,0.138,439b42e5f3f90c4bc362a270f019ef3f0d9e7e4b39ef5459d250d0cf4f18afe2,unused_unique
clean,clean_from_cj_0159.mp4,/Users/josephkamil/Desktop/Capstone/Oly_Data/segmented/clean/clean_from_cj_0159.mp4,0.13,,already_in_manifest
clean,clean_from_cj_0160.mp4,/Users/josephkamil/Desktop/Capstone/Oly_Data/segmented/clean/clean_from_cj_0160.mp4,0.129,eb9f8ebfb750ef9a63e4b11bad424ad577d61123e5e3de10fe8340060c17e793,unused_unique
clean,clean_from_cj_0161.mp4,/Users/josephkamil/Desktop/Capstone/Oly_Data/segmented/clean/clean_from_cj_0161.mp4,0.13,55fcb198b4ba605df1ddfa26c5caaf415c813e9ea26854057553a034c4294f6b,unused_unique
clean,clean_from_cj_0162.mp4,/Users/josephkamil/Desktop/Capstone/Oly_Data/segmented/clean/clean_from_cj_0162.mp4,0.112,728625d29bd0620e3efedbcd581e18323288d938a179a2e4ccab1a0858f2a5ea,unused_unique
clean,clean_from_cj_0163.mp4,/Users/josephkamil/Desktop/Capstone/Oly_Data/segmented/clean/clean_from_cj_0163.mp4,0.104,3cc83bcd059b6b4a8e2d130a79e60105429a6b4d548cd3bf6ad90075a3044c3d,unused_unique
clean,clean_from_cj_0164.mp4,/Users/josephkamil/Desktop/Capstone/Oly_Data/segmented/clean/clean_from_cj_0164.mp4,0.109,a7e66702af650ecda43f34630efcd40d7647e7a816ca1207d870f11bab82c84f,unused_unique
clean,clean_from_cj_0165.mp4,/Users/josephkamil/Desktop/Capstone/Oly_Data/segmented/clean/clean_from_cj_0165.mp4,0.15,,already_in_manifest
clean,clean_from_cj_0166.mp4,/Users/josephkamil/Desktop/Capstone/Oly_Data/segmented/clean/clean_from_cj_0166.mp4,0.114,b6979c9ace8e5ffbf3c65f8e66792b9b55a435de3344a286db4cba0d68018e51,duplicate_hash
clean,clean_from_cj_0167.mp4,/Users/josephkamil/Desktop/Capstone/Oly_Data/segmented/clean/clean_from_cj_0167.mp4,0.117,b083d13c639eee9133318e4da1b89640d2e14abedef07f857b8e36534e5409ef,unused_unique
clean,clean_from_cj_0168.mp4,/Users/josephkamil/Desktop/Capstone/Oly_Data/segmented/clean/clean_from_cj_0168.mp4,0.149,9a688d28757bf04e9d4f638015d162c60805179b100239d35c3974e15435ba17,unused_unique
clean,clean_from_cj_0169.mp4,/Users/josephkamil/Desktop/Capstone/Oly_Data/segmented/clean/clean_from_cj_0169.mp4,0.107,69d7d10cae5b2852d6df604cb6d38cedeea6a92c46f73d842e118adf75efa5f2,unused_unique
clean,clean_from_cj_0170.mp4,/Users/josephkamil/Desktop/Capstone/Oly_Data/segmented/clean/clean_from_cj_0170.mp4,0.026,c6f2b9b839fce1daa6c85e15db0254758792fa72a3aa0c79201261ede83ce226,unused_unique
clean,clean_from_cj_0171.mp4,/Users/josephkamil/Desktop/Capstone/Oly_Data/segmented/clean/clean_from_cj_0171.mp4,0.058,,already_in_manifest
clean,clean_from_cj_0172.mp4,/Users/josephkamil/Desktop/Capstone/Oly_Data/segmented/clean/clean_from_cj_0172.mp4,0.077,f8a0646446573316a16bdfc7596be7e708a032590eaff04c344eb54961ba3852,unused_unique
clean,clean_from_cj_0173.mp4,/Users/josephkamil/Desktop/Capstone/Oly_Data/segmented/clean/clean_from_cj_0173.mp4,0.06,7faa2d27c5c6e4a64ef33fd5b6f835689c74f3a88dee37a1be5de96a394f4a7b,unused_unique
clean,clean_from_cj_0174.mp4,/Users/josephkamil/Desktop/Capstone/Oly_Data/segmented/clean/clean_from_cj_0174.mp4,0.079,6f5c59fbf00747821aa96b479afff621724f1fc1ebf409d9f8c078156726a247,unused_unique
clean,clean_from_cj_0175.mp4,/Users/josephkamil/Desktop/Capstone/Oly_Data/segmented/clean/clean_from_cj_0175.mp4,0.027,b46eed7cee3c1c810dcc777a6a7fe37ad886a24b5f3d341f4d23ea6751a2bc33,unused_unique
clean,clean_from_cj_0176.mp4,/Users/josephkamil/Desktop/Capstone/Oly_Data/segmented/clean/clean_from_cj_0176.mp4,0.088,8d8a72d29ce3ed0063e33790af1e979c7ecc72ce2ce11244122439a5697049b9,unused_unique
clean,clean_from_cj_0177.mp4,/Users/josephkamil/Desktop/Capstone/Oly_Data/segmented/clean/clean_from_cj_0177.mp4,0.103,,already_in_manifest
clean,clean_from_cj_0178.mp4,/Users/josephkamil/Desktop/Capstone/Oly_Data/segmented/clean/clean_from_cj_0178.mp4,0.076,7b9bf919112c7963cca0b93246d1e2637804b0fa90e8be9774b599dd1dc95fe0,duplicate_hash
clean,clean_from_cj_0179.mp4,/Users/josephkamil/Desktop/Capstone/Oly_Data/segmented/clean/clean_from_cj_0179.mp4,0.086,37fce67b65d5d9555c6aa0b86f0f14a60324abaecb2d645468d4b34915298590,duplicate_hash
clean,clean_from_cj_0180.mp4,/Users/josephkamil/Desktop/Capstone/Oly_Data/segmented/clean/clean_from_cj_0180.mp4,0.062,00f6f541496e88938713236812581904b136c57fd16d88c212d858063f6633fa,duplicate_hash
clean,clean_from_cj_0181.mp4,/Users/josephkamil/Desktop/Capstone/Oly_Data/segmented/clean/clean_from_cj_0181.mp4,0.144,3b2724b2034643d11318adeec98444e9f901ea925703b86d6a4c49c826a25ccb,unused_unique
clean,clean_from_cj_0182.mp4,/Users/josephkamil/Desktop/Capstone/Oly_Data/segmented/clean/clean_from_cj_0182.mp4,0.08,b635ebf60d7b2bd1ce6a2137829116cbf980cab7e4e9f19bfc07cd7b7bbbcb75,unused_unique
clean,clean_from_cj_0183.mp4,/Users/josephkamil/Desktop/Capstone/Oly_Data/segmented/clean/clean_from_cj_0183.mp4,0.088,,already_in_manifest
clean,clean_from_cj_0184.mp4,/Users/josephkamil/Desktop/Capstone/Oly_Data/segmented/clean/clean_from_cj_0184.mp4,0.026,525f619f79d60715ecd5a2521c187e93c2755792506138c708ec15df32535d24,duplicate_hash
clean,clean_from_cj_0185.mp4,/Users/josephkamil/Desktop/Capstone/Oly_Data/segmented/clean/clean_from_cj_0185.mp4,0.169,,already_in_manifest
clean,clean_from_cj_0186.mp4,/Users/josephkamil/Desktop/Capstone/Oly_Data/segmented/clean/clean_from_cj_0186.mp4,0.056,a47c333ab3d663fd70d0620f990cf7f1ab022c739f19f738b79444d3eba51f17,duplicate_hash
clean,clean_from_cj_0187.mp4,/Users/josephkamil/Desktop/Capstone/Oly_Data/segmented/clean/clean_from_cj_0187.mp4,0.056,43ae1507ca7162bfa9921fd6e2e02dedc21d945a6a125434e74e17bb8408030b,unused_unique
clean,clean_from_cj_0188.mp4,/Users/josephkamil/Desktop/Capstone/Oly_Data/segmented/clean/clean_from_cj_0188.mp4,0.06,5490373145c8abd9e576ea50065cb26e7d2aee8cbd61bb49c23f59ea5c22d8c9,unused_unique
clean,clean_from_cj_0189.mp4,/Users/josephkamil/Desktop/Capstone/Oly_Data/segmented/clean/clean_from_cj_0189.mp4,0.077,,already_in_manifest
clean,clean_from_cj_0190.mp4,/Users/josephkamil/Desktop/Capstone/Oly_Data/segmented/clean/clean_from_cj_0190.mp4,0.183,74fce40d0da966d175a1497ec9cacd04f9e51230277f4be1974db18335b30b4b,duplicate_hash
clean,clean_from_cj_0191.mp4,/Users/josephkamil/Desktop/Capstone/Oly_Data/segmented/clean/clean_from_cj_0191.mp4,0.056,9363679966050743513004f88f16e8a267a6b9d000be9ead263730ff561be644,unused_unique
clean,clean_from_cj_0192.mp4,/Users/josephkamil/Desktop/Capstone/Oly_Data/segmented/clean/clean_from_cj_0192.mp4,0.059,d275c190459430ea97ea6d38d71d9f2e06a2d09241594850c054fba167524950,unused_unique
clean,clean_from_cj_0193.mp4,/Users/josephkamil/Desktop/Capstone/Oly_Data/segmented/clean/clean_from_cj_0193.mp4,0.143,b1135c02352446f7eae54bc5d6494b9c21d3f63ceee746a641115d04de0ea7a6,duplicate_hash
clean,clean_from_cj_0194.mp4,/Users/josephkamil/Desktop/Capstone/Oly_Data/segmented/clean/clean_from_cj_0194.mp4,0.076,f079df33292c6d4037c877dc3931f9ea9bf849cba60496dab1f800fc8514412b,unused_unique
clean,clean_from_cj_0195.mp4,/Users/josephkamil/Desktop/Capstone/Oly_Data/segmented/clean/clean_from_cj_0195.mp4,0.134,f79539f1f60fea5ef73eb32bad2f4db4cbb5f3a2da07e5a0911c4162864aee81,duplicate_hash
clean,clean_from_cj_0196.mp4,/Users/josephkamil/Desktop/Capstone/Oly_Data/segmented/clean/clean_from_cj_0196.mp4,0.121,,already_in_manifest
clean,clean_from_cj_0197.mp4,/Users/josephkamil/Desktop/Capstone/Oly_Data/segmented/clean/clean_from_cj_0197.mp4,0.088,55017318f6f9704f0a70ce55dd68013faf5e3b9e1a99e1cde0e6eacc8ce99326,unused_unique
clean,clean_from_cj_0198.mp4,/Users/josephkamil/Desktop/Capstone/Oly_Data/segmented/clean/clean_from_cj_0198.mp4,0.079,,already_in_manifest
clean,clean_from_cj_0199.mp4,/Users/josephkamil/Desktop/Capstone/Oly_Data/segmented/clean/clean_from_cj_0199.mp4,0.079,565e76418a0e35490c7123bc905626eccee00172c978838cfbebc51ba2c8d888,unused_unique
clean,clean_from_cj_0200.mp4,/Users/josephkamil/Desktop/Capstone/Oly_Data/segmented/clean/clean_from_cj_0200.mp4,0.107,f0a5422532922b7baee8a01830aba963efab5193ca7b43bead4a9f826fd93f02,unused_unique
clean,clean_from_cj_0201.mp4,/Users/josephkamil/Desktop/Capstone/Oly_Data/segmented/clean/clean_from_cj_0201.mp4,0.127,104350aded90c763f6dc2ed048abb6e3df4404b7695600e427e6f2f3a93eabe6,unused_unique
clean,clean_from_cj_0202.mp4,/Users/josephkamil/Desktop/Capstone/Oly_Data/segmented/clean/clean_from_cj_0202.mp4,0.124,0bd430b344f768041b94d9b1726054310739728c3f38dfda67f5c15e709b1f79,unused_unique
clean,clean_from_cj_0203.mp4,/Users/josephkamil/Desktop/Capstone/Oly_Data/segmented/clean/clean_from_cj_0203.mp4,0.111,ae46e9e3acc679cdae5f0b91c9b6c087ab02718d632480572177b0cd683626f0,unused_unique
clean,clean_from_cj_0204.mp4,/Users/josephkamil/Desktop/Capstone/Oly_Data/segmented/clean/clean_from_cj_0204.mp4,0.104,94d831f002b53f0d6faf94cbdb7d73a673920b73864e9ce81b33d78846246ea9,duplicate_hash
clean,clean_from_cj_0205.mp4,/Users/josephkamil/Desktop/Capstone/Oly_Data/segmented/clean/clean_from_cj_0205.mp4,0.128,,already_in_manifest
clean,clean_from_cj_0206.mp4,/Users/josephkamil/Desktop/Capstone/Oly_Data/segmented/clean/clean_from_cj_0206.mp4,0.109,3bb26423710250a5ed4599cd7a66000e1deaa404a9791a815b7721dfddd9fa71,unused_unique
clean,clean_from_cj_0207.mp4,/Users/josephkamil/Desktop/Capstone/Oly_Data/segmented/clean/clean_from_cj_0207.mp4,0.182,,already_in_manifest
clean,clean_from_cj_0208.mp4,/Users/josephkamil/Desktop/Capstone/Oly_Data/segmented/clean/clean_from_cj_0208.mp4,0.086,80d4c82694ef42d5ae5dfe711e330300865b013de8da609f56bdeffe6eb12974,duplicate_hash
clean,clean_from_cj_0209.mp4,/Users/josephkamil/Desktop/Capstone/Oly_Data/segmented/clean/clean_from_cj_0209.mp4,0.132,767a735724dee805d32c5562f7105061304ae2e480edc2f8ccaaf5796b09db5c,unused_unique
clean,clean_from_cj_0210.mp4,/Users/josephkamil/Desktop/Capstone/Oly_Data/segmented/clean/clean_from_cj_0210.mp4,0.079,46691f6bb7baca06650055d51b68aa2d959fde211d5d78b4f408ecbde35b8839,unused_unique
clean,clean_from_cj_0211.mp4,/Users/josephkamil/Desktop/Capstone/Oly_Data/segmented/clean/clean_from_cj_0211.mp4,0.133,,already_in_manifest
clean,clean_from_cj_0212.mp4,/Users/josephkamil/Desktop/Capstone/Oly_Data/segmented/clean/clean_from_cj_0212.mp4,0.135,cee7d2f96df947e1dddd0d40ecc7f21adacf93fbeb57177453f36899c9d74a9b,duplicate_hash
clean,clean_from_cj_0213.mp4,/Users/josephkamil/Desktop/Capstone/Oly_Data/segmented/clean/clean_from_cj_0213.mp4,0.156,a6866a88427ad3f3cc0b3ce7f011f46d8dac96b76365ffa7e20c7327548dd405,unused_unique
clean,clean_from_cj_0214.mp4,/Users/josephkamil/Desktop/Capstone/Oly_Data/segmented/clean/clean_from_cj_0214.mp4,0.079,631e509899d6db6de482a21c57b950ed9a878fc93aa1565bb41870be19f54b99,unused_unique
clean,clean_from_cj_0215.mp4,/Users/josephkamil/Desktop/Capstone/Oly_Data/segmented/clean/clean_from_cj_0215.mp4,0.12,bf2b633684004f85e308cd1e0e56fc4b9e3ec20e0327de4542a45c707aecbea7,duplicate_hash
clean,clean_from_cj_0216.mp4,/Users/josephkamil/Desktop/Capstone/Oly_Data/segmented/clean/clean_from_cj_0216.mp4,0.13,96c35569b58e8eb15826f56e25f6d385e3f887dce00b3d82abd89760a36fa15e,unused_unique
clean,clean_from_cj_0217.mp4,/Users/josephkamil/Desktop/Capstone/Oly_Data/segmented/clean/clean_from_cj_0217.mp4,0.163,76ef84134625c06fc5c2f0529f510848f6e7fa4b830d28834749ec1ca42b5319,unused_unique
clean,clean_from_cj_0218.mp4,/Users/josephkamil/Desktop/Capstone/Oly_Data/segmented/clean/clean_from_cj_0218.mp4,0.073,e8aac71d4013024fcdaead1dbe860e3ea70422ac50e523c50e5c06b4b1d6e964,unused_unique
clean,clean_from_cj_0219.mp4,/Users/josephkamil/Desktop/Capstone/Oly_Data/segmented/clean/clean_from_cj_0219.mp4,0.123,2a16d72d09d6b3f61afdd37a144b402a9b8bee6f74c953534af8ff29773d0c14,unused_unique
clean,clean_from_cj_0220.mp4,/Users/josephkamil/Desktop/Capstone/Oly_Data/segmented/clean/clean_from_cj_0220.mp4,0.161,,already_in_manifest
clean,clean_from_cj_0221.mp4,/Users/josephkamil/Desktop/Capstone/Oly_Data/segmented/clean/clean_from_cj_0221.mp4,0.082,f50231147c1ae90945d55690c5bb4f5eae856bc254112d8f089c2c8792c9269e,unused_unique
clean,clean_from_cj_0222.mp4,/Users/josephkamil/Desktop/Capstone/Oly_Data/segmented/clean/clean_from_cj_0222.mp4,0.182,c264775670f2c86577e52c2b9c4e84b99567b5850645afc400ddf929677b8278,duplicate_hash
split_jerk,split_jerk_from_cj_0001.mp4,/Users/josephkamil/Desktop/Capstone/Oly_Data/segmented/split_jerk/split_jerk_from_cj_0001.mp4,0.152,6bf7e9eed2e30966a50237c966c1ac57c53501589db3b914d9c9e2aa89267560,unused_unique
split_jerk,split_jerk_from_cj_0002.mp4,/Users/josephkamil/Desktop/Capstone/Oly_Data/segmented/split_jerk/split_jerk_from_cj_0002.mp4,0.229,5d7b8b35370dd16ec26ef449b273fe8dd5d254c9f004cc705341404b8919955d,duplicate_hash
split_jerk,split_jerk_from_cj_0004.mp4,/Users/josephkamil/Desktop/Capstone/Oly_Data/segmented/split_jerk/split_jerk_from_cj_0004.mp4,0.123,,already_in_manifest
split_jerk,split_jerk_from_cj_0005.mp4,/Users/josephkamil/Desktop/Capstone/Oly_Data/segmented/split_jerk/split_jerk_from_cj_0005.mp4,0.125,756a8df909827a342a11938272d4b61e87314b82efea3b3f0567ccb4dc0f65c3,duplicate_hash
split_jerk,split_jerk_from_cj_0006.mp4,/Users/josephkamil/Desktop/Capstone/Oly_Data/segmented/split_jerk/split_jerk_from_cj_0006.mp4,0.188,f25c883d6b1e15c133f98ff5fde27c2c6610da6eb51695daa973bba378c8a5c8,unused_unique
split_jerk,split_jerk_from_cj_0007.mp4,/Users/josephkamil/Desktop/Capstone/Oly_Data/segmented/split_jerk/split_jerk_from_cj_0007.mp4,0.144,0abd7a0dbd9d13e7599d931b347dd1356937863638a7cb5a1032ef8c8c35ba80,unused_unique
split_jerk,split_jerk_from_cj_0008.mp4,/Users/josephkamil/Desktop/Capstone/Oly_Data/segmented/split_jerk/split_jerk_from_cj_0008.mp4,0.134,8922efb33157ee21f5dd2687e9d7174db40792c8a743f6a5673d162e19188960,unused_unique
split_jerk,split_jerk_from_cj_0009.mp4,/Users/josephkamil/Desktop/Capstone/Oly_Data/segmented/split_jerk/split_jerk_from_cj_0009.mp4,0.048,3293b32ce3529fcfbd52d521a1f1bad3695baa730f70d0df681ce6860b684233,unused_unique
split_jerk,split_jerk_from_cj_0010.mp4,/Users/josephkamil/Desktop/Capstone/Oly_Data/segmented/split_jerk/split_jerk_from_cj_0010.mp4,0.135,5c9c619903d8b41ad576bb595326440e709e93bd17b0d3b7e3b8cae5a6175f47,unused_unique
split_jerk,split_jerk_from_cj_0011.mp4,/Users/josephkamil/Desktop/Capstone/Oly_Data/segmented/split_jerk/split_jerk_from_cj_0011.mp4,0.155,,already_in_manifest
split_jerk,split_jerk_from_cj_0012.mp4,/Users/josephkamil/Desktop/Capstone/Oly_Data/segmented/split_jerk/split_jerk_from_cj_0012.mp4,0.144,d79d381507c93874fa614964bb26c898e0c2802cbdb74c42c387473704826ecc,unused_unique
split_jerk,split_jerk_from_cj_0013.mp4,/Users/josephkamil/Desktop/Capstone/Oly_Data/segmented/split_jerk/split_jerk_from_cj_0013.mp4,0.115,dceaaf2594975ce94f537ab93208b6c4267ac674a3ccd4d9357660fbfb85e57d,unused_unique
split_jerk,split_jerk_from_cj_0014.mp4,/Users/josephkamil/Desktop/Capstone/Oly_Data/segmented/split_jerk/split_jerk_from_cj_0014.mp4,0.129,,already_in_manifest
split_jerk,split_jerk_from_cj_0015.mp4,/Users/josephkamil/Desktop/Capstone/Oly_Data/segmented/split_jerk/split_jerk_from_cj_0015.mp4,0.044,3c4f91e6b02d72535c2e7c05e1c3fee68e8d9eec0e785f5ae20b02ee9427e151,duplicate_hash
split_jerk,split_jerk_from_cj_0016.mp4,/Users/josephkamil/Desktop/Capstone/Oly_Data/segmented/split_jerk/split_jerk_from_cj_0016.mp4,0.155,33d53144cb119c1aab152da54bc0ffe8fb17bf938aab17172373206f9378b251,unused_unique
split_jerk,split_jerk_from_cj_0017.mp4,/Users/josephkamil/Desktop/Capstone/Oly_Data/segmented/split_jerk/split_jerk_from_cj_0017.mp4,0.04,,already_in_manifest
split_jerk,split_jerk_from_cj_0018.mp4,/Users/josephkamil/Desktop/Capstone/Oly_Data/segmented/split_jerk/split_jerk_from_cj_0018.mp4,0.098,,already_in_manifest
split_jerk,split_jerk_from_cj_0019.mp4,/Users/josephkamil/Desktop/Capstone/Oly_Data/segmented/split_jerk/split_jerk_from_cj_0019.mp4,0.15,16d61609756a259a39aa08077377dfc2eb957d9f5cba6a804089b8b047d8caef,duplicate_hash
split_jerk,split_jerk_from_cj_0020.mp4,/Users/josephkamil/Desktop/Capstone/Oly_Data/segmented/split_jerk/split_jerk_from_cj_0020.mp4,0.049,,already_in_manifest
split_jerk,split_jerk_from_cj_0021.mp4,/Users/josephkamil/Desktop/Capstone/Oly_Data/segmented/split_jerk/split_jerk_from_cj_0021.mp4,0.041,31216259243166715740d48e88f922a55b1201cc4e26c24aaa85664705fcd698,duplicate_hash
split_jerk,split_jerk_from_cj_0022.mp4,/Users/josephkamil/Desktop/Capstone/Oly_Data/segmented/split_jerk/split_jerk_from_cj_0022.mp4,0.118,84be885fb3cc6cd8107eb051c50547691f0f96a02199f2a00a4c325825664c7d,duplicate_hash
split_jerk,split_jerk_from_cj_0023.mp4,/Users/josephkamil/Desktop/Capstone/Oly_Data/segmented/split_jerk/split_jerk_from_cj_0023.mp4,0.161,6367e52af1da4c66b3408250dfaeed902b73c70e4f7a9870911563e9225028cb,unused_unique
split_jerk,split_jerk_from_cj_0024.mp4,/Users/josephkamil/Desktop/Capstone/Oly_Data/segmented/split_jerk/split_jerk_from_cj_0024.mp4,0.064,,already_in_manifest
split_jerk,split_jerk_from_cj_0025.mp4,/Users/josephkamil/Desktop/Capstone/Oly_Data/segmented/split_jerk/split_jerk_from_cj_0025.mp4,0.13,8256647a6185a3aad863e8c85f4b53b3c3114a6740fb527bb86d9e70534a9446,duplicate_hash
split_jerk,split_jerk_from_cj_0026.mp4,/Users/josephkamil/Desktop/Capstone/Oly_Data/segmented/split_jerk/split_jerk_from_cj_0026.mp4,0.207,7606ae27e19135415963496c1804628eaae84376631005c88e1a49504f91f420,duplicate_hash
split_jerk,split_jerk_from_cj_0027.mp4,/Users/josephkamil/Desktop/Capstone/Oly_Data/segmented/split_jerk/split_jerk_from_cj_0027.mp4,0.132,09b4892d0a24aa99a0b4ef9cc1ed04db37bc2af9378c8ff4eaa33c0fb9452afe,unused_unique
split_jerk,split_jerk_from_cj_0028.mp4,/Users/josephkamil/Desktop/Capstone/Oly_Data/segmented/split_jerk/split_jerk_from_cj_0028.mp4,0.128,,already_in_manifest
split_jerk,split_jerk_from_cj_0029.mp4,/Users/josephkamil/Desktop/Capstone/Oly_Data/segmented/split_jerk/split_jerk_from_cj_0029.mp4,0.114,3802ce6244b15b7c6b3c234300498fdffbf391df2832f63e2feb1a980cdb8747,duplicate_hash
split_jerk,split_jerk_from_cj_0030.mp4,/Users/josephkamil/Desktop/Capstone/Oly_Data/segmented/split_jerk/split_jerk_from_cj_0030.mp4,0.168,53009cf4d1711ec3041e7720a37b48700977dfd81df9487c88ac8ee2d7cd925e,unused_unique
split_jerk,split_jerk_from_cj_0031.mp4,/Users/josephkamil/Desktop/Capstone/Oly_Data/segmented/split_jerk/split_jerk_from_cj_0031.mp4,0.14,,already_in_manifest
split_jerk,split_jerk_from_cj_0032.mp4,/Users/josephkamil/Desktop/Capstone/Oly_Data/segmented/split_jerk/split_jerk_from_cj_0032.mp4,0.13,,already_in_manifest
split_jerk,split_jerk_from_cj_0033.mp4,/Users/josephkamil/Desktop/Capstone/Oly_Data/segmented/split_jerk/split_jerk_from_cj_0033.mp4,0.146,,already_in_manifest
split_jerk,split_jerk_from_cj_0034.mp4,/Users/josephkamil/Desktop/Capstone/Oly_Data/segmented/split_jerk/split_jerk_from_cj_0034.mp4,0.12,b8698b6f5e145a2346db06b1e76f38b162400e0074db406af3e0191cc6e26e0f,unused_unique
split_jerk,split_jerk_from_cj_0035.mp4,/Users/josephkamil/Desktop/Capstone/Oly_Data/segmented/split_jerk/split_jerk_from_cj_0035.mp4,0.125,ef8b9a8c665bab69317e887d97fd057782b6c023ef3476b3f05246f9a2ba368b,unused_unique
split_jerk,split_jerk_from_cj_0036.mp4,/Users/josephkamil/Desktop/Capstone/Oly_Data/segmented/split_jerk/split_jerk_from_cj_0036.mp4,0.18,c1c8988304f5e044857f3da8497bd12ff98d73d91358ad9b38555880f1b697ed,duplicate_hash
split_jerk,split_jerk_from_cj_0037.mp4,/Users/josephkamil/Desktop/Capstone/Oly_Data/segmented/split_jerk/split_jerk_from_cj_0037.mp4,0.135,60a8e94dac2b5757d9b516083198cc8ab53c1cafbaba63dcde662f3223d18c3e,unused_unique
split_jerk,split_jerk_from_cj_0038.mp4,/Users/josephkamil/Desktop/Capstone/Oly_Data/segmented/split_jerk/split_jerk_from_cj_0038.mp4,0.149,,already_in_manifest
split_jerk,split_jerk_from_cj_0039.mp4,/Users/josephkamil/Desktop/Capstone/Oly_Data/segmented/split_jerk/split_jerk_from_cj_0039.mp4,0.132,5ddc3680f3cc6e172e92900a61d18e4c806ce671bd5c93e03225b5756f12873d,unused_unique
split_jerk,split_jerk_from_cj_0040.mp4,/Users/josephkamil/Desktop/Capstone/Oly_Data/segmented/split_jerk/split_jerk_from_cj_0040.mp4,0.144,52b07c114a0af4787e768ddb5bb1781f93fafc3e77024933099152b2145335a8,unused_unique
split_jerk,split_jerk_from_cj_0041.mp4,/Users/josephkamil/Desktop/Capstone/Oly_Data/segmented/split_jerk/split_jerk_from_cj_0041.mp4,0.119,266c770ccb231ae0aaa6376b637d1b7ab28bc76fbcd97751cafd2202a30a8972,unused_unique
split_jerk,split_jerk_from_cj_0042.mp4,/Users/josephkamil/Desktop/Capstone/Oly_Data/segmented/split_jerk/split_jerk_from_cj_0042.mp4,0.131,03057b22657952b7a9304882cb6786367d94964eebc2abe38cbe5eaf20ae3d45,unused_unique
split_jerk,split_jerk_from_cj_0043.mp4,/Users/josephkamil/Desktop/Capstone/Oly_Data/segmented/split_jerk/split_jerk_from_cj_0043.mp4,0.141,cf24055aefee9a9bb970189266532914dee5e01deeb97aac32bd8ce9f787b55d,unused_unique
split_jerk,split_jerk_from_cj_0044.mp4,/Users/josephkamil/Desktop/Capstone/Oly_Data/segmented/split_jerk/split_jerk_from_cj_0044.mp4,0.128,c18d079899463e8bc69bd24e4a73307b4f25e63693906daf0733d0ef030ba07e,duplicate_hash
split_jerk,split_jerk_from_cj_0045.mp4,/Users/josephkamil/Desktop/Capstone/Oly_Data/segmented/split_jerk/split_jerk_from_cj_0045.mp4,0.141,617c6b9edf6d398c32a557676a2d10b84a564d6dade8f3df09a8a41f7e3d8adb,unused_unique
split_jerk,split_jerk_from_cj_0046.mp4,/Users/josephkamil/Desktop/Capstone/Oly_Data/segmented/split_jerk/split_jerk_from_cj_0046.mp4,0.121,1543fd698a664f746a5fb9e27f7864a6ba783abd92296c15a454d47d96623036,unused_unique
split_jerk,split_jerk_from_cj_0047.mp4,/Users/josephkamil/Desktop/Capstone/Oly_Data/segmented/split_jerk/split_jerk_from_cj_0047.mp4,0.066,,already_in_manifest
split_jerk,split_jerk_from_cj_0048.mp4,/Users/josephkamil/Desktop/Capstone/Oly_Data/segmented/split_jerk/split_jerk_from_cj_0048.mp4,0.063,1df85bd6dc3a662443119942f503c0719cdfc4745a47ed21a2414c237a64b25e,unused_unique
split_jerk,split_jerk_from_cj_0049.mp4,/Users/josephkamil/Desktop/Capstone/Oly_Data/segmented/split_jerk/split_jerk_from_cj_0049.mp4,0.06,2ad88f1dbe694c7c65279339ed6891ca71f4e15abd28a0db38bcc097df83e7b2,duplicate_hash
split_jerk,split_jerk_from_cj_0050.mp4,/Users/josephkamil/Desktop/Capstone/Oly_Data/segmented/split_jerk/split_jerk_from_cj_0050.mp4,0.074,93fbae84e5c99724baf3ec6ceb9719c869566cf73ed0c0d6c986db9eff48fd24,unused_unique
split_jerk,split_jerk_from_cj_0051.mp4,/Users/josephkamil/Desktop/Capstone/Oly_Data/segmented/split_jerk/split_jerk_from_cj_0051.mp4,0.078,6ddc5a73f07120bcd5cc9980e1e7111a9cc939a47c8452316b0dcc87a914ec28,unused_unique
split_jerk,split_jerk_from_cj_0052.mp4,/Users/josephkamil/Desktop/Capstone/Oly_Data/segmented/split_jerk/split_jerk_from_cj_0052.mp4,0.097,275227564b30eded79d7769132035fad29d0222525e97c53c7ed8e7b5bc78b7b,duplicate_hash
split_jerk,split_jerk_from_cj_0053.mp4,/Users/josephkamil/Desktop/Capstone/Oly_Data/segmented/split_jerk/split_jerk_from_cj_0053.mp4,0.071,,already_in_manifest
split_jerk,split_jerk_from_cj_0054.mp4,/Users/josephkamil/Desktop/Capstone/Oly_Data/segmented/split_jerk/split_jerk_from_cj_0054.mp4,0.163,08380f4c26ac525c37dcf71107dd508fe688ed5ef1b07c373897d223893b3b12,unused_unique
split_jerk,split_jerk_from_cj_0055.mp4,/Users/josephkamil/Desktop/Capstone/Oly_Data/segmented/split_jerk/split_jerk_from_cj_0055.mp4,0.084,b92f1cb911efdad088359c00ac4ea27f0b87f845a2d346d2cb13ce24b6d2ae96,unused_unique
split_jerk,split_jerk_from_cj_0056.mp4,/Users/josephkamil/Desktop/Capstone/Oly_Data/segmented/split_jerk/split_jerk_from_cj_0056.mp4,0.179,edd6b8e693c4cf719f7b8b53f57c3785929930c0d8785f66e4ab7a44f35273c6,unused_unique
split_jerk,split_jerk_from_cj_0057.mp4,/Users/josephkamil/Desktop/Capstone/Oly_Data/segmented/split_jerk/split_jerk_from_cj_0057.mp4,0.058,,already_in_manifest
split_jerk,split_jerk_from_cj_0058.mp4,/Users/josephkamil/Desktop/Capstone/Oly_Data/segmented/split_jerk/split_jerk_from_cj_0058.mp4,0.059,,already_in_manifest
split_jerk,split_jerk_from_cj_0059.mp4,/Users/josephkamil/Desktop/Capstone/Oly_Data/segmented/split_jerk/split_jerk_from_cj_0059.mp4,0.065,745bb64d0ab0cba3d162ecd25ddea45ca53e15a26238bdc826763f5e3239fb9a,unused_unique
split_jerk,split_jerk_from_cj_0060.mp4,/Users/josephkamil/Desktop/Capstone/Oly_Data/segmented/split_jerk/split_jerk_from_cj_0060.mp4,0.063,bb16615e1636d24c6399f1a1644b0fefe005d4f4dbf980596d44cb9a6c881ef0,duplicate_hash
split_jerk,split_jerk_from_cj_0061.mp4,/Users/josephkamil/Desktop/Capstone/Oly_Data/segmented/split_jerk/split_jerk_from_cj_0061.mp4,0.169,4b847e71bf8678337065ab7d9a3c345e8dea9b4b966415ece3891d63e20252ea,unused_unique
split_jerk,split_jerk_from_cj_0062.mp4,/Users/josephkamil/Desktop/Capstone/Oly_Data/segmented/split_jerk/split_jerk_from_cj_0062.mp4,0.062,,already_in_manifest
split_jerk,split_jerk_from_cj_0063.mp4,/Users/josephkamil/Desktop/Capstone/Oly_Data/segmented/split_jerk/split_jerk_from_cj_0063.mp4,0.055,242df91dd96739afe5b7dd713b83967f1ae062ffe8347bf9d0c70868526cf841,duplicate_hash
split_jerk,split_jerk_from_cj_0064.mp4,/Users/josephkamil/Desktop/Capstone/Oly_Data/segmented/split_jerk/split_jerk_from_cj_0064.mp4,0.17,55873f9c1d3dbbd040aad4c0d46fd78e386fd2edb8987ac21018698df9c8b058,duplicate_hash
split_jerk,split_jerk_from_cj_0065.mp4,/Users/josephkamil/Desktop/Capstone/Oly_Data/segmented/split_jerk/split_jerk_from_cj_0065.mp4,0.146,58af8bdc6ef195c29058d47666cdc24005ca758456f0efe8fd3af4f9baffe3be,duplicate_hash
split_jerk,split_jerk_from_cj_0066.mp4,/Users/josephkamil/Desktop/Capstone/Oly_Data/segmented/split_jerk/split_jerk_from_cj_0066.mp4,0.105,880c921c3b965a8cbbe57c82d86ae069963476483dc7cec481b1194cccd19cad,unused_unique
split_jerk,split_jerk_from_cj_0067.mp4,/Users/josephkamil/Desktop/Capstone/Oly_Data/segmented/split_jerk/split_jerk_from_cj_0067.mp4,0.129,bdd362ded8cf7b7d1ed3e167bfb0f23eb41bb922d0df4a0f054153fe7ed77dc4,unused_unique
split_jerk,split_jerk_from_cj_0068.mp4,/Users/josephkamil/Desktop/Capstone/Oly_Data/segmented/split_jerk/split_jerk_from_cj_0068.mp4,0.124,,already_in_manifest
split_jerk,split_jerk_from_cj_0069.mp4,/Users/josephkamil/Desktop/Capstone/Oly_Data/segmented/split_jerk/split_jerk_from_cj_0069.mp4,0.124,eef3f3da912aa3c5f2ed39c9c65251764501017f60d7c654821ceda6e4d01424,duplicate_hash
split_jerk,split_jerk_from_cj_0070.mp4,/Users/josephkamil/Desktop/Capstone/Oly_Data/segmented/split_jerk/split_jerk_from_cj_0070.mp4,0.118,c346a1c672af8f325957a5f9e68ff889061797b5a2fb50568643fb5364833d2d,unused_unique
split_jerk,split_jerk_from_cj_0071.mp4,/Users/josephkamil/Desktop/Capstone/Oly_Data/segmented/split_jerk/split_jerk_from_cj_0071.mp4,0.12,,already_in_manifest
split_jerk,split_jerk_from_cj_0072.mp4,/Users/josephkamil/Desktop/Capstone/Oly_Data/segmented/split_jerk/split_jerk_from_cj_0072.mp4,0.146,60c669d4673700306eaf1166f9045c4f00aa76aeee2127f6df971d8056436d78,unused_unique
split_jerk,split_jerk_from_cj_0073.mp4,/Users/josephkamil/Desktop/Capstone/Oly_Data/segmented/split_jerk/split_jerk_from_cj_0073.mp4,0.098,f8054dcbf5c021f4ca6db496417543719b1fd6a873d4fe2eaad54d11ec2de8f5,duplicate_hash
split_jerk,split_jerk_from_cj_0074.mp4,/Users/josephkamil/Desktop/Capstone/Oly_Data/segmented/split_jerk/split_jerk_from_cj_0074.mp4,0.13,583d83db66eeded76f5fc5164677a0e0b078d557b1cca501662a8947046b343e,unused_unique
split_jerk,split_jerk_from_cj_0075.mp4,/Users/josephkamil/Desktop/Capstone/Oly_Data/segmented/split_jerk/split_jerk_from_cj_0075.mp4,0.134,63386271d3a2cc2dba81c5cb2d0ae0ece5e57f3626f0b307f20d4d453b5f8a33,unused_unique
split_jerk,split_jerk_from_cj_0076.mp4,/Users/josephkamil/Desktop/Capstone/Oly_Data/segmented/split_jerk/split_jerk_from_cj_0076.mp4,0.16,162ebabbc89d0eb3d19f5af2caefeb95a77248e54c77eae897e31b3fdfb22783,unused_unique
split_jerk,split_jerk_from_cj_0077.mp4,/Users/josephkamil/Desktop/Capstone/Oly_Data/segmented/split_jerk/split_jerk_from_cj_0077.mp4,0.155,,already_in_manifest
split_jerk,split_jerk_from_cj_0078.mp4,/Users/josephkamil/Desktop/Capstone/Oly_Data/segmented/split_jerk/split_jerk_from_cj_0078.mp4,0.085,cd3394e2af9d8322a1a87631ed824a25edff4c51349f37d9a51bef60dda07adf,unused_unique
split_jerk,split_jerk_from_cj_0079.mp4,/Users/josephkamil/Desktop/Capstone/Oly_Data/segmented/split_jerk/split_jerk_from_cj_0079.mp4,0.113,47610bbf4e98e3ea5858b4d12f7741e824c62e61fd07fc3e338b78256a5f0a1c,unused_unique
split_jerk,split_jerk_from_cj_0080.mp4,/Users/josephkamil/Desktop/Capstone/Oly_Data/segmented/split_jerk/split_jerk_from_cj_0080.mp4,0.161,,already_in_manifest
split_jerk,split_jerk_from_cj_0081.mp4,/Users/josephkamil/Desktop/Capstone/Oly_Data/segmented/split_jerk/split_jerk_from_cj_0081.mp4,0.157,0e5b0b4b13dd319fd77271da7addc1780583e4f6caddc8d8c7a4d84b823a6cc6,unused_unique
split_jerk,split_jerk_from_cj_0082.mp4,/Users/josephkamil/Desktop/Capstone/Oly_Data/segmented/split_jerk/split_jerk_from_cj_0082.mp4,0.152,6bf7e9eed2e30966a50237c966c1ac57c53501589db3b914d9c9e2aa89267560,unused_unique
split_jerk,split_jerk_from_cj_0083.mp4,/Users/josephkamil/Desktop/Capstone/Oly_Data/segmented/split_jerk/split_jerk_from_cj_0083.mp4,0.229,,already_in_manifest
split_jerk,split_jerk_from_cj_0084.mp4,/Users/josephkamil/Desktop/Capstone/Oly_Data/segmented/split_jerk/split_jerk_from_cj_0084.mp4,0.04,,already_in_manifest
split_jerk,split_jerk_from_cj_0085.mp4,/Users/josephkamil/Desktop/Capstone/Oly_Data/segmented/split_jerk/split_jerk_from_cj_0085.mp4,0.123,fe6fbb48dfb895960defa6cdb73d188540de8200e8c4351a7b59e66623feffb6,duplicate_hash
split_jerk,split_jerk_from_cj_0086.mp4,/Users/josephkamil/Desktop/Capstone/Oly_Data/segmented/split_jerk/split_jerk_from_cj_0086.mp4,0.125,,already_in_manifest
split_jerk,split_jerk_from_cj_0087.mp4,/Users/josephkamil/Desktop/Capstone/Oly_Data/segmented/split_jerk/split_jerk_from_cj_0087.mp4,0.188,f25c883d6b1e15c133f98ff5fde27c2c6610da6eb51695daa973bba378c8a5c8,unused_unique
split_jerk,split_jerk_from_cj_0088.mp4,/Users/josephkamil/Desktop/Capstone/Oly_Data/segmented/split_jerk/split_jerk_from_cj_0088.mp4,0.144,0abd7a0dbd9d13e7599d931b347dd1356937863638a7cb5a1032ef8c8c35ba80,unused_unique
split_jerk,split_jerk_from_cj_0089.mp4,/Users/josephkamil/Desktop/Capstone/Oly_Data/segmented/split_jerk/split_jerk_from_cj_0089.mp4,0.134,8922efb33157ee21f5dd2687e9d7174db40792c8a743f6a5673d162e19188960,unused_unique
split_jerk,split_jerk_from_cj_0090.mp4,/Users/josephkamil/Desktop/Capstone/Oly_Data/segmented/split_jerk/split_jerk_from_cj_0090.mp4,0.048,3293b32ce3529fcfbd52d521a1f1bad3695baa730f70d0df681ce6860b684233,unused_unique
split_jerk,split_jerk_from_cj_0091.mp4,/Users/josephkamil/Desktop/Capstone/Oly_Data/segmented/split_jerk/split_jerk_from_cj_0091.mp4,0.135,5c9c619903d8b41ad576bb595326440e709e93bd17b0d3b7e3b8cae5a6175f47,unused_unique
split_jerk,split_jerk_from_cj_0092.mp4,/Users/josephkamil/Desktop/Capstone/Oly_Data/segmented/split_jerk/split_jerk_from_cj_0092.mp4,0.155,cd9d33ff0ef7d85e9b8a3cc32001813c1454608a7b681e2ca2880b05c41ea72a,duplicate_hash
split_jerk,split_jerk_from_cj_0093.mp4,/Users/josephkamil/Desktop/Capstone/Oly_Data/segmented/split_jerk/split_jerk_from_cj_0093.mp4,0.144,d79d381507c93874fa614964bb26c898e0c2802cbdb74c42c387473704826ecc,unused_unique
split_jerk,split_jerk_from_cj_0094.mp4,/Users/josephkamil/Desktop/Capstone/Oly_Data/segmented/split_jerk/split_jerk_from_cj_0094.mp4,0.115,dceaaf2594975ce94f537ab93208b6c4267ac674a3ccd4d9357660fbfb85e57d,unused_unique
split_jerk,split_jerk_from_cj_0095.mp4,/Users/josephkamil/Desktop/Capstone/Oly_Data/segmented/split_jerk/split_jerk_from_cj_0095.mp4,0.129,9d8ea79894c41b53ad049e560705c3765be18bf11d958c6103b5e1dffa41843c,duplicate_hash
split_jerk,split_jerk_from_cj_0096.mp4,/Users/josephkamil/Desktop/Capstone/Oly_Data/segmented/split_jerk/split_jerk_from_cj_0096.mp4,0.044,,already_in_manifest
split_jerk,split_jerk_from_cj_0097.mp4,/Users/josephkamil/Desktop/Capstone/Oly_Data/segmented/split_jerk/split_jerk_from_cj_0097.mp4,0.155,33d53144cb119c1aab152da54bc0ffe8fb17bf938aab17172373206f9378b251,unused_unique
split_jerk,split_jerk_from_cj_0098.mp4,/Users/josephkamil/Desktop/Capstone/Oly_Data/segmented/split_jerk/split_jerk_from_cj_0098.mp4,0.04,fdf49ddfe3fa00b993b440c9693f06a89b2b9e772424423cad52519bfa2db691,duplicate_hash
split_jerk,split_jerk_from_cj_0099.mp4,/Users/josephkamil/Desktop/Capstone/Oly_Data/segmented/split_jerk/split_jerk_from_cj_0099.mp4,0.098,feed5a96310cc28146a613d5dc60b95b959de088fc1c734af787ebe38532b7cd,duplicate_hash
split_jerk,split_jerk_from_cj_0100.mp4,/Users/josephkamil/Desktop/Capstone/Oly_Data/segmented/split_jerk/split_jerk_from_cj_0100.mp4,0.15,,already_in_manifest
split_jerk,split_jerk_from_cj_0101.mp4,/Users/josephkamil/Desktop/Capstone/Oly_Data/segmented/split_jerk/split_jerk_from_cj_0101.mp4,0.049,847e38c7952f84451d25c36622967800d1e1fcc9f1d4f8c704b5069bdaa242d0,duplicate_hash
split_jerk,split_jerk_from_cj_0102.mp4,/Users/josephkamil/Desktop/Capstone/Oly_Data/segmented/split_jerk/split_jerk_from_cj_0102.mp4,0.041,,already_in_manifest
split_jerk,split_jerk_from_cj_0103.mp4,/Users/josephkamil/Desktop/Capstone/Oly_Data/segmented/split_jerk/split_jerk_from_cj_0103.mp4,0.118,,already_in_manifest
split_jerk,split_jerk_from_cj_0104.mp4,/Users/josephkamil/Desktop/Capstone/Oly_Data/segmented/split_jerk/split_jerk_from_cj_0104.mp4,0.161,6367e52af1da4c66b3408250dfaeed902b73c70e4f7a9870911563e9225028cb,unused_unique
split_jerk,split_jerk_from_cj_0105.mp4,/Users/josephkamil/Desktop/Capstone/Oly_Data/segmented/split_jerk/split_jerk_from_cj_0105.mp4,0.064,eb123313245e52eb09e4b875bbab2107d509e4a3583335fda73308296ad05d25,duplicate_hash
split_jerk,split_jerk_from_cj_0106.mp4,/Users/josephkamil/Desktop/Capstone/Oly_Data/segmented/split_jerk/split_jerk_from_cj_0106.mp4,0.13,,already_in_manifest
split_jerk,split_jerk_from_cj_0107.mp4,/Users/josephkamil/Desktop/Capstone/Oly_Data/segmented/split_jerk/split_jerk_from_cj_0107.mp4,0.207,,already_in_manifest
split_jerk,split_jerk_from_cj_0108.mp4,/Users/josephkamil/Desktop/Capstone/Oly_Data/segmented/split_jerk/split_jerk_from_cj_0108.mp4,0.132,09b4892d0a24aa99a0b4ef9cc1ed04db37bc2af9378c8ff4eaa33c0fb9452afe,unused_unique
split_jerk,split_jerk_from_cj_0109.mp4,/Users/josephkamil/Desktop/Capstone/Oly_Data/segmented/split_jerk/split_jerk_from_cj_0109.mp4,0.128,ef998bd10ee9ae79c20ddb952abb56f68df799ea61d70314a24d538b4c3f6f81,duplicate_hash
split_jerk,split_jerk_from_cj_0110.mp4,/Users/josephkamil/Desktop/Capstone/Oly_Data/segmented/split_jerk/split_jerk_from_cj_0110.mp4,0.114,,already_in_manifest
split_jerk,split_jerk_from_cj_0111.mp4,/Users/josephkamil/Desktop/Capstone/Oly_Data/segmented/split_jerk/split_jerk_from_cj_0111.mp4,0.168,53009cf4d1711ec3041e7720a37b48700977dfd81df9487c88ac8ee2d7cd925e,unused_unique
split_jerk,split_jerk_from_cj_0112.mp4,/Users/josephkamil/Desktop/Capstone/Oly_Data/segmented/split_jerk/split_jerk_from_cj_0112.mp4,0.14,52ed85ba79fb4f9c56aababf13d823b5493079c7866d8c306a1fea6e2a2d8074,duplicate_hash
split_jerk,split_jerk_from_cj_0113.mp4,/Users/josephkamil/Desktop/Capstone/Oly_Data/segmented/split_jerk/split_jerk_from_cj_0113.mp4,0.13,2594a6ff1e77fbdfa50291bbf9d0c940b364a18dfa4908e1424b4cf1a9064d75,duplicate_hash
split_jerk,split_jerk_from_cj_0114.mp4,/Users/josephkamil/Desktop/Capstone/Oly_Data/segmented/split_jerk/split_jerk_from_cj_0114.mp4,0.146,c35373432483f13884f7f58723983b086d9309f2dd2da0e5cf4c60542842bdee,duplicate_hash
split_jerk,split_jerk_from_cj_0115.mp4,/Users/josephkamil/Desktop/Capstone/Oly_Data/segmented/split_jerk/split_jerk_from_cj_0115.mp4,0.12,b8698b6f5e145a2346db06b1e76f38b162400e0074db406af3e0191cc6e26e0f,unused_unique
split_jerk,split_jerk_from_cj_0116.mp4,/Users/josephkamil/Desktop/Capstone/Oly_Data/segmented/split_jerk/split_jerk_from_cj_0116.mp4,0.125,ef8b9a8c665bab69317e887d97fd057782b6c023ef3476b3f05246f9a2ba368b,unused_unique
split_jerk,split_jerk_from_cj_0117.mp4,/Users/josephkamil/Desktop/Capstone/Oly_Data/segmented/split_jerk/split_jerk_from_cj_0117.mp4,0.18,,already_in_manifest
split_jerk,split_jerk_from_cj_0118.mp4,/Users/josephkamil/Desktop/Capstone/Oly_Data/segmented/split_jerk/split_jerk_from_cj_0118.mp4,0.135,60a8e94dac2b5757d9b516083198cc8ab53c1cafbaba63dcde662f3223d18c3e,unused_unique
split_jerk,split_jerk_from_cj_0119.mp4,/Users/josephkamil/Desktop/Capstone/Oly_Data/segmented/split_jerk/split_jerk_from_cj_0119.mp4,0.149,997c68259aef7922cd5d9d43275388551e9593772a495a902299262015bf4255,duplicate_hash
split_jerk,split_jerk_from_cj_0120.mp4,/Users/josephkamil/Desktop/Capstone/Oly_Data/segmented/split_jerk/split_jerk_from_cj_0120.mp4,0.132,5ddc3680f3cc6e172e92900a61d18e4c806ce671bd5c93e03225b5756f12873d,unused_unique
split_jerk,split_jerk_from_cj_0121.mp4,/Users/josephkamil/Desktop/Capstone/Oly_Data/segmented/split_jerk/split_jerk_from_cj_0121.mp4,0.144,52b07c114a0af4787e768ddb5bb1781f93fafc3e77024933099152b2145335a8,unused_unique
split_jerk,split_jerk_from_cj_0122.mp4,/Users/josephkamil/Desktop/Capstone/Oly_Data/segmented/split_jerk/split_jerk_from_cj_0122.mp4,0.119,266c770ccb231ae0aaa6376b637d1b7ab28bc76fbcd97751cafd2202a30a8972,unused_unique
split_jerk,split_jerk_from_cj_0123.mp4,/Users/josephkamil/Desktop/Capstone/Oly_Data/segmented/split_jerk/split_jerk_from_cj_0123.mp4,0.131,03057b22657952b7a9304882cb6786367d94964eebc2abe38cbe5eaf20ae3d45,unused_unique
split_jerk,split_jerk_from_cj_0124.mp4,/Users/josephkamil/Desktop/Capstone/Oly_Data/segmented/split_jerk/split_jerk_from_cj_0124.mp4,0.141,cf24055aefee9a9bb970189266532914dee5e01deeb97aac32bd8ce9f787b55d,unused_unique
split_jerk,split_jerk_from_cj_0125.mp4,/Users/josephkamil/Desktop/Capstone/Oly_Data/segmented/split_jerk/split_jerk_from_cj_0125.mp4,0.128,,already_in_manifest
split_jerk,split_jerk_from_cj_0126.mp4,/Users/josephkamil/Desktop/Capstone/Oly_Data/segmented/split_jerk/split_jerk_from_cj_0126.mp4,0.141,617c6b9edf6d398c32a557676a2d10b84a564d6dade8f3df09a8a41f7e3d8adb,unused_unique
split_jerk,split_jerk_from_cj_0127.mp4,/Users/josephkamil/Desktop/Capstone/Oly_Data/segmented/split_jerk/split_jerk_from_cj_0127.mp4,0.121,1543fd698a664f746a5fb9e27f7864a6ba783abd92296c15a454d47d96623036,unused_unique
split_jerk,split_jerk_from_cj_0128.mp4,/Users/josephkamil/Desktop/Capstone/Oly_Data/segmented/split_jerk/split_jerk_from_cj_0128.mp4,0.066,5b72e8ca86135b90286a9953697be104e187a5770ab245705538b0507326141a,duplicate_hash
split_jerk,split_jerk_from_cj_0129.mp4,/Users/josephkamil/Desktop/Capstone/Oly_Data/segmented/split_jerk/split_jerk_from_cj_0129.mp4,0.063,1df85bd6dc3a662443119942f503c0719cdfc4745a47ed21a2414c237a64b25e,unused_unique
split_jerk,split_jerk_from_cj_0130.mp4,/Users/josephkamil/Desktop/Capstone/Oly_Data/segmented/split_jerk/split_jerk_from_cj_0130.mp4,0.06,,already_in_manifest
split_jerk,split_jerk_from_cj_0131.mp4,/Users/josephkamil/Desktop/Capstone/Oly_Data/segmented/split_jerk/split_jerk_from_cj_0131.mp4,0.074,93fbae84e5c99724baf3ec6ceb9719c869566cf73ed0c0d6c986db9eff48fd24,unused_unique
split_jerk,split_jerk_from_cj_0132.mp4,/Users/josephkamil/Desktop/Capstone/Oly_Data/segmented/split_jerk/split_jerk_from_cj_0132.mp4,0.078,6ddc5a73f07120bcd5cc9980e1e7111a9cc939a47c8452316b0dcc87a914ec28,unused_unique
split_jerk,split_jerk_from_cj_0133.mp4,/Users/josephkamil/Desktop/Capstone/Oly_Data/segmented/split_jerk/split_jerk_from_cj_0133.mp4,0.097,,already_in_manifest
split_jerk,split_jerk_from_cj_0134.mp4,/Users/josephkamil/Desktop/Capstone/Oly_Data/segmented/split_jerk/split_jerk_from_cj_0134.mp4,0.071,4aace02838885ba740e0570113a430442b984f245f1d9938a52846af83d33349,duplicate_hash
split_jerk,split_jerk_from_cj_0135.mp4,/Users/josephkamil/Desktop/Capstone/Oly_Data/segmented/split_jerk/split_jerk_from_cj_0135.mp4,0.163,08380f4c26ac525c37dcf71107dd508fe688ed5ef1b07c373897d223893b3b12,unused_unique
split_jerk,split_jerk_from_cj_0136.mp4,/Users/josephkamil/Desktop/Capstone/Oly_Data/segmented/split_jerk/split_jerk_from_cj_0136.mp4,0.084,b92f1cb911efdad088359c00ac4ea27f0b87f845a2d346d2cb13ce24b6d2ae96,unused_unique
split_jerk,split_jerk_from_cj_0137.mp4,/Users/josephkamil/Desktop/Capstone/Oly_Data/segmented/split_jerk/split_jerk_from_cj_0137.mp4,0.179,edd6b8e693c4cf719f7b8b53f57c3785929930c0d8785f66e4ab7a44f35273c6,unused_unique
split_jerk,split_jerk_from_cj_0138.mp4,/Users/josephkamil/Desktop/Capstone/Oly_Data/segmented/split_jerk/split_jerk_from_cj_0138.mp4,0.058,d8d3f92db94826db7ab97eaa7651c3e5e72eb7eec4dcb710fc00dc5bb593a072,duplicate_hash
split_jerk,split_jerk_from_cj_0139.mp4,/Users/josephkamil/Desktop/Capstone/Oly_Data/segmented/split_jerk/split_jerk_from_cj_0139.mp4,0.059,8d1e1ab6dacd7e71eb028f91c7f42868463e9b02bfab1ebe25e8e8760aff1cf2,duplicate_hash
split_jerk,split_jerk_from_cj_0140.mp4,/Users/josephkamil/Desktop/Capstone/Oly_Data/segmented/split_jerk/split_jerk_from_cj_0140.mp4,0.065,745bb64d0ab0cba3d162ecd25ddea45ca53e15a26238bdc826763f5e3239fb9a,unused_unique
split_jerk,split_jerk_from_cj_0141.mp4,/Users/josephkamil/Desktop/Capstone/Oly_Data/segmented/split_jerk/split_jerk_from_cj_0141.mp4,0.063,,already_in_manifest
split_jerk,split_jerk_from_cj_0142.mp4,/Users/josephkamil/Desktop/Capstone/Oly_Data/segmented/split_jerk/split_jerk_from_cj_0142.mp4,0.169,4b847e71bf8678337065ab7d9a3c345e8dea9b4b966415ece3891d63e20252ea,unused_unique
split_jerk,split_jerk_from_cj_0143.mp4,/Users/josephkamil/Desktop/Capstone/Oly_Data/segmented/split_jerk/split_jerk_from_cj_0143.mp4,0.062,7f1fe305b497b842dbe36e3de1c979056f8be97fd8cd3e7080b73f62d0e2267a,duplicate_hash
split_jerk,split_jerk_from_cj_0144.mp4,/Users/josephkamil/Desktop/Capstone/Oly_Data/segmented/split_jerk/split_jerk_from_cj_0144.mp4,0.055,,already_in_manifest
split_jerk,split_jerk_from_cj_0145.mp4,/Users/josephkamil/Desktop/Capstone/Oly_Data/segmented/split_jerk/split_jerk_from_cj_0145.mp4,0.17,,already_in_manifest
split_jerk,split_jerk_from_cj_0146.mp4,/Users/josephkamil/Desktop/Capstone/Oly_Data/segmented/split_jerk/split_jerk_from_cj_0146.mp4,0.146,,already_in_manifest
split_jerk,split_jerk_from_cj_0147.mp4,/Users/josephkamil/Desktop/Capstone/Oly_Data/segmented/split_jerk/split_jerk_from_cj_0147.mp4,0.105,880c921c3b965a8cbbe57c82d86ae069963476483dc7cec481b1194cccd19cad,unused_unique
split_jerk,split_jerk_from_cj_0148.mp4,/Users/josephkamil/Desktop/Capstone/Oly_Data/segmented/split_jerk/split_jerk_from_cj_0148.mp4,0.129,bdd362ded8cf7b7d1ed3e167bfb0f23eb41bb922d0df4a0f054153fe7ed77dc4,unused_unique
split_jerk,split_jerk_from_cj_0149.mp4,/Users/josephkamil/Desktop/Capstone/Oly_Data/segmented/split_jerk/split_jerk_from_cj_0149.mp4,0.124,648cf9e756b545f76014a7f12cf8b403309ae22a2d83d3ea19d86ddcf2ccf21a,duplicate_hash
split_jerk,split_jerk_from_cj_0150.mp4,/Users/josephkamil/Desktop/Capstone/Oly_Data/segmented/split_jerk/split_jerk_from_cj_0150.mp4,0.124,,already_in_manifest
split_jerk,split_jerk_from_cj_0151.mp4,/Users/josephkamil/Desktop/Capstone/Oly_Data/segmented/split_jerk/split_jerk_from_cj_0151.mp4,0.118,c346a1c672af8f325957a5f9e68ff889061797b5a2fb50568643fb5364833d2d,unused_unique
split_jerk,split_jerk_from_cj_0152.mp4,/Users/josephkamil/Desktop/Capstone/Oly_Data/segmented/split_jerk/split_jerk_from_cj_0152.mp4,0.12,9cf6ddca08d1ea8abfe489ab9f861237f1ffa8470ceda99f6f487bef53b52792,duplicate_hash
split_jerk,split_jerk_from_cj_0153.mp4,/Users/josephkamil/Desktop/Capstone/Oly_Data/segmented/split_jerk/split_jerk_from_cj_0153.mp4,0.146,60c669d4673700306eaf1166f9045c4f00aa76aeee2127f6df971d8056436d78,unused_unique
split_jerk,split_jerk_from_cj_0154.mp4,/Users/josephkamil/Desktop/Capstone/Oly_Data/segmented/split_jerk/split_jerk_from_cj_0154.mp4,0.098,,already_in_manifest
split_jerk,split_jerk_from_cj_0155.mp4,/Users/josephkamil/Desktop/Capstone/Oly_Data/segmented/split_jerk/split_jerk_from_cj_0155.mp4,0.13,583d83db66eeded76f5fc5164677a0e0b078d557b1cca501662a8947046b343e,unused_unique
split_jerk,split_jerk_from_cj_0156.mp4,/Users/josephkamil/Desktop/Capstone/Oly_Data/segmented/split_jerk/split_jerk_from_cj_0156.mp4,0.134,63386271d3a2cc2dba81c5cb2d0ae0ece5e57f3626f0b307f20d4d453b5f8a33,unused_unique
split_jerk,split_jerk_from_cj_0157.mp4,/Users/josephkamil/Desktop/Capstone/Oly_Data/segmented/split_jerk/split_jerk_from_cj_0157.mp4,0.16,162ebabbc89d0eb3d19f5af2caefeb95a77248e54c77eae897e31b3fdfb22783,unused_unique
split_jerk,split_jerk_from_cj_0158.mp4,/Users/josephkamil/Desktop/Capstone/Oly_Data/segmented/split_jerk/split_jerk_from_cj_0158.mp4,0.155,66d4bd4d75aac374be6b96a96eefe541cf9d6b3503de52aff46a6115fe201901,duplicate_hash
split_jerk,split_jerk_from_cj_0159.mp4,/Users/josephkamil/Desktop/Capstone/Oly_Data/segmented/split_jerk/split_jerk_from_cj_0159.mp4,0.085,cd3394e2af9d8322a1a87631ed824a25edff4c51349f37d9a51bef60dda07adf,unused_unique
split_jerk,split_jerk_from_cj_0160.mp4,/Users/josephkamil/Desktop/Capstone/Oly_Data/segmented/split_jerk/split_jerk_from_cj_0160.mp4,0.113,47610bbf4e98e3ea5858b4d12f7741e824c62e61fd07fc3e338b78256a5f0a1c,unused_unique
split_jerk,split_jerk_from_cj_0161.mp4,/Users/josephkamil/Desktop/Capstone/Oly_Data/segmented/split_jerk/split_jerk_from_cj_0161.mp4,0.161,6638462a35eb5ebbe2b6b73c20a364885d2b64093cf9b53deaa2eace89c77d48,duplicate_hash
split_jerk,split_jerk_from_cj_0162.mp4,/Users/josephkamil/Desktop/Capstone/Oly_Data/segmented/split_jerk/split_jerk_from_cj_0162.mp4,0.157,0e5b0b4b13dd319fd77271da7addc1780583e4f6caddc8d8c7a4d84b823a6cc6,unused_unique
