expected_label,video,name,predicted_label,label_ok,confidence,detected_reps,expected_reps,rep_count_ok,analysis_mode,protected_reason,raw_label,bio_label,squat_label,olympic_label,router_v8_winner,family_shadow,family_margin,learned_family,learned_family_confidence,learned_family_trusted,learned_press,learned_press_confidence,learned_press_trusted,hierarchical_label,hierarchical_family,hierarchical_source,error
bench_press,/Users/josephkamil/Desktop/Capstone/bench press/bench press_11.mp4,bench press_11.mp4,bench_press,True,0.97,1,,,learned_press_hierarchy_authority,learned_press_hierarchy_authority,bench_press,bench_press,squat_back,split_jerk,bench_press,press,2.018,press,0.978,True,bench_press,0.97,True,bench_press,press,press_variant_shadow,
bench_press,/Users/josephkamil/Desktop/Capstone/bench press/bench press_5.mp4,bench press_5.mp4,bench_press,True,0.53,1,,,learned_press_hierarchy_authority,learned_press_hierarchy_authority,squat,squat,squat_front,split_jerk,bench_press,squat,0.857,press,0.53,True,bench_press,0.788,True,squat_front,squat,squat_router,
clean,/Users/josephkamil/Desktop/Capstone/Oly_Data/segmented/clean/clean_from_cj_0010.mp4,clean_from_cj_0010.mp4,clean,True,0.92,0,,,router_v5,,deadlift,squat,squat_back,clean,squat_back,olympic,1.474,olympic,0.712,True,,0.0,False,clean,olympic,router_v5,
clean,/Users/josephkamil/Desktop/Capstone/Oly_Data/segmented/clean/clean_from_cj_0004.mp4,clean_from_cj_0004.mp4,clean,True,0.9,0,,,router_v5,,deadlift,squat,squat_front,clean,squat_front,olympic,1.442,olympic,0.878,True,,0.0,False,clean,olympic,router_v5,
clean_and_jerk,/Users/josephkamil/Desktop/Capstone/Oly_Data/raw/clean_and_jerk/v_CleanAndJerk_g05_c01.avi,v_CleanAndJerk_g05_c01.avi,clean_and_jerk,True,0.8,1,,,router_v8_context_lock,specialized_olympic_final_authority,squat,push_press,squat_back,clean_and_jerk,clean_and_jerk,olympic,1.062,olympic,0.906,True,,0.0,False,clean_and_jerk,olympic,router_v5,
clean_and_jerk,/Users/josephkamil/Desktop/Capstone/Oly_Data/raw/clean_and_jerk/v_CleanAndJerk_g06_c03.avi,v_CleanAndJerk_g06_c03.avi,clean_and_jerk,True,0.73,1,,,router_v5,,squat,push_press,squat_front,clean_and_jerk,squat_front,olympic,1.155,olympic,0.934,True,,0.0,False,clean_and_jerk,olympic,router_v5,
deadlift,/Users/josephkamil/Desktop/Capstone/deadlift/deadlift_20.mp4,deadlift_20.mp4,deadlift,True,0.82,1,,,biomechanics_override,deadlift_setup_rescue,squat,squat,squat_back,,deadlift,squat,1.63,hinge,0.986,True,,0.0,False,squat_back,squat,squat_router,
deadlift,/Users/josephkamil/Desktop/Capstone/deadlift/deadlift_19.mp4,deadlift_19.mp4,deadlift,True,0.96,1,,,biomechanics_override,deadlift_setup_rescue,squat,squat,squat_back,,deadlift,squat,1.791,hinge,0.994,True,,0.0,False,squat_back,squat,squat_router,
handstand_push_up,/Users/josephkamil/Desktop/Capstone/HandstandPushups/v_HandStandPushups_g06_c04.avi,v_HandStandPushups_g06_c04.avi,handstand_push_up,True,0.86,1,,,biomechanics_override,handstand_push_up_bodyweight_pattern,squat,squat,squat_back,,handstand_push_up,squat,1.645,bodyweight,0.994,True,,0.0,False,squat_back,squat,squat_router,
handstand_push_up,/Users/josephkamil/Desktop/Capstone/HandstandPushups/v_HandStandPushups_g05_c03.avi,v_HandStandPushups_g05_c03.avi,handstand_push_up,True,0.86,1,,,biomechanics_override,handstand_push_up_bodyweight_pattern,squat,squat,squat_back,,handstand_push_up,squat,1.612,bodyweight,0.816,True,,0.0,False,squat_back,squat,squat_router,
overhead_squat,/Users/josephkamil/Desktop/Capstone/OverheadSquat_one_rep_720p.mp4,OverheadSquat_one_rep_720p.mp4,overhead_squat,True,0.81,1,,,detailed_rep_analysis,,push_press,push_press,overhead_squat,split_jerk,overhead_squat,squat,0.152,squat,0.374,False,,0.0,False,overhead_squat,squat,squat_router,
overhead_squat,/Users/josephkamil/Desktop/Capstone/Oly_Data/raw/overhead_squat/OverHeadSquat2.mov,OverHeadSquat2.mov,overhead_squat,True,0.81,4,,,detailed_rep_analysis,,squat,push_press,overhead_squat,split_jerk,overhead_squat,squat,1.326,squat,0.864,True,,0.0,False,overhead_squat,squat,squat_router,
pull_up,/Users/josephkamil/Desktop/Capstone/pullup_overlay_test.mp4,pullup_overlay_test.mp4,pull_up,True,0.86,1,,,biomechanics_override,pull_up_bodyweight_pattern,squat,push_press,squat_front,split_jerk,pull_up,press,0.025,bodyweight,0.674,True,,0.0,False,push_press,press,press_variant_shadow,
pull_up,/Users/josephkamil/Desktop/Capstone/PullUps/v_PullUps_g01_c02.avi,v_PullUps_g01_c02.avi,Unknown,False,0.0,0,,,insufficient_data,,,,,,,,,,,,,,,,,,
push_press,/Users/josephkamil/Desktop/Capstone/test_pushpress_1sec.mp4,test_pushpress_1sec.mp4,Unknown,False,0.0,0,,,insufficient_data,,,,,,,,,,,,,,,,,,
push_press,/Users/josephkamil/Desktop/Capstone/test_pushpress_5sec.mp4,test_pushpress_5sec.mp4,push_press,True,0.73,0,,,learned_press_hierarchy_authority,learned_press_hierarchy_authority,push_press,push_press,squat_front,clean_and_jerk,push_press,press,1.735,press,0.734,True,push_press,0.818,True,thruster,press,press_variant_shadow,
push_up,/Users/josephkamil/Desktop/Capstone/push-up/push-up_18.mp4,push-up_18.mp4,squat_front,False,0.97,0,,,detailed_rep_analysis,,deadlift,deadlift,squat_front,clean,deadlift,hinge,0.705,bodyweight,0.864,True,,0.0,False,deadlift,hinge,hinge_family,
push_up,/Users/josephkamil/Desktop/Capstone/push-up/push-up_15.mp4,push-up_15.mp4,push_up,True,0.86,1,,,biomechanics_override,push_up_bodyweight_pattern,squat,squat,squat_front,,squat_back,squat,1.82,bodyweight,0.92,True,,0.0,False,squat_front,squat,squat_router,
snatch,/Users/josephkamil/Desktop/Capstone/Oly_Data/raw/real_snatch/snatch_correct_320x240.mp4,snatch_correct_320x240.mp4,snatch,True,0.75,2,,,olympic_final_authority,specialized_olympic_final_authority,squat,squat,squat_back,snatch,snatch,squat,1.055,olympic,0.706,True,,0.0,False,squat_back,squat,squat_router,
snatch,/Users/josephkamil/Desktop/Capstone/Oly_Data/raw/snatch_test.mp4,snatch_test.mp4,snatch,True,0.75,1,,,olympic_final_authority,specialized_olympic_final_authority,squat,push_press,squat_back,snatch,snatch,olympic,0.762,olympic,0.682,True,,0.0,False,clean,olympic,router_v5,
split_jerk,/Users/josephkamil/Desktop/Capstone/Oly_Data/segmented/split_jerk/split_jerk_from_cj_0017.mp4,split_jerk_from_cj_0017.mp4,split_jerk,True,0.88,1,,,olympic_final_authority,specialized_olympic_final_authority,squat,push_press,overhead_squat,split_jerk,split_jerk,olympic,1.444,olympic,0.896,True,,0.0,False,split_jerk,olympic,router_v5,
split_jerk,/Users/josephkamil/Desktop/Capstone/Oly_Data/segmented/split_jerk/split_jerk_from_cj_0021.mp4,split_jerk_from_cj_0021.mp4,split_jerk,True,0.75,1,,,olympic_final_authority,specialized_olympic_final_authority,push_press,push_press,overhead_squat,split_jerk,split_jerk,press,1.871,olympic,0.754,True,,0.0,False,push_press,press,press_variant_shadow,
squat_back,/Users/josephkamil/Desktop/Capstone/backsquat_test_8s.mov,backsquat_test_8s.mov,squat_back,True,0.97,1,,,squat_router_protected,,squat,squat,squat_back,clean,squat_back,squat,1.451,squat,0.884,True,,0.0,False,squat_back,squat,squat_router,
squat_back,/Users/josephkamil/Desktop/Capstone/data/dataset_v2/raw/squat_back/squat_7.mp4,squat_7.mp4,deadlift,False,1.0,2,,,biomechanics_override,deadlift_hinge_pattern_detected,squat,deadlift,squat_back,clean,deadlift,squat,0.132,squat,0.916,True,,0.0,False,squat_back,squat,squat_router,
squat_front,/Users/josephkamil/Desktop/Capstone/data/dataset_v2/raw/squat_front/yt_001.mp4,yt_001.mp4,squat_front,True,0.96,0,,,squat_router_protected,,squat_front,squat,squat_front,snatch,squat_front,squat,1.312,squat,0.84,True,,0.0,False,squat_front,squat,squat_router,
squat_front,/Users/josephkamil/Desktop/Capstone/data/dataset_v2/raw/squat_front/yt_002.mp4,yt_002.mp4,squat_front,True,0.97,3,,,squat_raw_consensus,,squat_front,squat,squat_back,,squat_front,squat,1.708,squat,0.918,True,,0.0,False,squat_back,squat,squat_router,
strict_press,/Users/josephkamil/Desktop/Capstone/data/dataset_v2/raw/strict_press/17496a37-c1f7-4105-9c07-e7cfbca06106.mp4,17496a37-c1f7-4105-9c07-e7cfbca06106.mp4,,False,,,,,,,,,,,,,,,,,,,,,,,missing_file
strict_press,/Users/josephkamil/Desktop/Capstone/data/dataset_v2/raw/strict_press/shoulder press_22.mp4,shoulder press_22.mp4,,False,,,,,,,,,,,,,,,,,,,,,,,missing_file
thruster,/Users/josephkamil/Desktop/Capstone/thruster_one_rep_720p.mp4,thruster_one_rep_720p.mp4,bench_press,False,0.67,2,,,learned_press_hierarchy_authority,learned_press_hierarchy_authority,bench_press,bench_press,squat_back,clean,bench_press,press,2.05,press,0.668,True,bench_press,0.748,True,bench_press,press,press_variant_shadow,
thruster,/Users/josephkamil/Desktop/Capstone/thruster-correct-small.mp4,thruster-correct-small.mp4,bench_press,False,0.99,2,,,biomechanics_override,trusted_base_bench_press,bench_press,bench_press,squat_front,clean,bench_press,press,2.04,olympic,0.458,False,,0.0,False,thruster,press,press_variant_shadow,
