expected_label,expected_family,video,name,predicted_label,predicted_family,label_ok,family_ok,overall_ok,confidence,detected_reps,expected_reps,rep_delta,rep_verdict,rep_scores,rep_frames,rep_count_ok,rep_phase_complete,rep_phase_ordered,missing_phase_fields,analysis_mode,protected_reason,raw_label,bio_label,squat_label,olympic_label,router_v8_winner,family_shadow,family_margin,learned_family,learned_family_confidence,learned_family_trusted,learned_press,learned_press_confidence,learned_press_trusted,hierarchical_label,hierarchical_family,hierarchical_source,error
deadlift,hinge,/Users/josephkamil/Desktop/Capstone/router_challenge_v1/raw/deadlift/deadlift_6.mp4,deadlift_6.mp4,deadlift,hinge,True,True,True,0.82,1,1,0,exact,3.7,4:27:27,True,True,True,,biomechanics_override,deadlift_setup_rescue,deadlift,squat,squat_back,snatch,deadlift,hinge,0.457,hinge,0.932,True,,0.0,False,deadlift,hinge,hinge_family,
front_squat,squat,/Users/josephkamil/Desktop/Capstone/uindy_external_validation/videos/Front_Squat.mp4,Front_Squat.mp4,bench_press,press,False,False,False,0.93,9,2,7,overcount,"9.0,9.0,9.0,7.8,9.0,10.0,9.0,9.0,10.0",110:168|129:187|152:210|188:246|204:262|232:290|276:334|295:353|319:377,False,True,True,,biomechanics_override,bench_press_short_squat_rescue,squat,push_press,squat_back,split_jerk,bench_press,bodyweight,0.682,squat,0.604,True,,0.0,False,pull_up,bodyweight,bodyweight_router,
overhead_squat,squat,/Users/josephkamil/Desktop/Capstone/uindy_external_validation/videos/Overhead_Squat.mp4,Overhead_Squat.mp4,push_press,press,False,False,False,1.0,3,2,1,overcount,"8.8,10.0,10.0",76:93:99:135:135|136:141:152:196:196|197:207:214:255:255,False,True,True,,biomechanics_override,strong_push_press_consensus_hold,push_press,push_press,overhead_squat,split_jerk,push_press,press,2.048,squat,0.354,False,,0.0,False,push_press,press,press_variant_shadow,
pull_up,bodyweight,/Users/josephkamil/Desktop/Capstone/router_challenge_v1/raw/pull_up/v_PullUps_g02_c02.avi,v_PullUps_g02_c02.avi,pull_up,bodyweight,True,True,False,1.0,1,2,-1,undercount,10.0,73:165,False,True,True,,router_v6_bodyweight,router_v6_bodyweight_winner,push_press,push_press,overhead_squat,split_jerk,push_press,bodyweight,3.016,bodyweight,0.754,True,,0.0,False,pull_up,bodyweight,router_v5,
push_up,bodyweight,/Users/josephkamil/Desktop/Capstone/router_challenge_v1/raw/push_up/push-up_20.mp4,push-up_20.mp4,push_up,bodyweight,True,True,True,0.86,1,1,0,exact,10.0,19:69,True,True,True,,biomechanics_override,push_up_bodyweight_pattern,deadlift,squat,squat_back,clean,push_up,bodyweight,3.528,bodyweight,0.798,True,,0.0,False,push_up,bodyweight,router_v5,
handstand_push_up,bodyweight,/Users/josephkamil/Desktop/Capstone/router_challenge_v1/raw/handstand_push_up/v_HandStandPushups_g01_c01.avi,v_HandStandPushups_g01_c01.avi,handstand_push_up,bodyweight,True,True,True,0.99,1,1,0,exact,7.2,11:65,True,True,True,,router_v6_bodyweight,router_v6_bodyweight_winner,squat,squat,squat_back,clean,handstand_push_up,bodyweight,4.598,bodyweight,0.834,True,,0.0,False,handstand_push_up,bodyweight,protected_evidence,
snatch,olympic,/Users/josephkamil/Desktop/Capstone/holdout_v1/snatch/9xQp2sldyts_angle2.mp4,9xQp2sldyts_angle2.mp4,overhead_squat,squat,False,False,False,0.81,1,1,0,exact,10.0,40:61,True,True,True,,detailed_rep_analysis,,deadlift,push_press,overhead_squat,clean_and_jerk,thruster,squat,0.378,olympic,0.848,True,,0.0,False,overhead_squat,squat,squat_router,
strict_press,press,/Users/josephkamil/Desktop/Capstone/strict_press_sources/y9mohYqDdtE.mp4,y9mohYqDdtE.mp4,overhead_squat,squat,False,False,False,0.81,0,2,-2,undercount,,,False,False,False,,detailed_rep_analysis,,squat_front,push_press,overhead_squat,clean_and_jerk,squat_front,squat,0.101,press,0.724,True,push_press,0.624,True,overhead_squat,squat,squat_router,
clean_and_jerk,olympic,/Users/josephkamil/Desktop/Capstone/Oly_Data/raw/clean_and_jerk/v_CleanAndJerk_g23_c01.avi,v_CleanAndJerk_g23_c01.avi,Unknown,,False,False,False,0.0,0,1,-1,undercount,,,False,,,,insufficient_data,,,,,,,,,,,,,,,,,,
