video,path,label,frames_processed,pose_frames,total_frames,knee_mean,knee_std,knee_min,knee_max,knee_delta,hip_mean,hip_std,hip_min,hip_max,hip_delta,elbow_mean,elbow_std,elbow_min,elbow_max,elbow_delta,shoulder_mean,shoulder_std,shoulder_min,shoulder_max,shoulder_delta,wrist_y_mean,wrist_y_std,wrist_y_min,wrist_y_max,wrist_y_delta,hip_y_mean,hip_y_std,hip_y_min,hip_y_max,hip_y_delta,wrist_shoulder_distance_mean,wrist_shoulder_distance_std,wrist_shoulder_distance_min,wrist_shoulder_distance_max,wrist_shoulder_distance_delta,overhead_ratio,has_overhead,first_overhead_pct,last_overhead_pct,overhead_span_pct,min_knee_angle,min_hip_angle,max_elbow_angle,max_shoulder_angle,min_knee_time_pct,min_hip_time_pct,max_wrist_motion,mean_wrist_motion,max_hip_motion,mean_hip_motion,overhead_near_bottom,late_overhead_flag,early_min_knee,late_min_knee,reserved_54,reserved_55,reserved_56,reserved_57,reserved_58,reserved_59,reserved_60,reserved_61,reserved_62,reserved_63,reserved_64,reserved_65,reserved_66,reserved_67,reserved_68,reserved_69,reserved_70,reserved_71,reserved_72,reserved_73,reserved_74,reserved_75,reserved_76,reserved_77,reserved_78,reserved_79
-38xT-m3Fr4_01080_01414.mp4,/Users/josephkamil/Desktop/Capstone/Oly_Data/raw/snatch_mp4/-38xT-m3Fr4_01080_01414.mp4,snatch,326,326,335,114.18701934814453,55.39527893066406,33.473384857177734,179.414794921875,13.28057861328125,100.36040496826172,51.16395568847656,36.372222900390625,179.31329345703125,133.53472900390625,172.57009887695312,5.827838897705078,148.6338348388672,179.20851135253906,-6.9474029541015625,0.0,0.0,0.0,0.0,0.0,0.5899496078491211,0.17185083031654358,0.3037278950214386,0.8217973113059998,-0.21587395668029785,0.7002492547035217,0.08140137046575546,0.5584245920181274,0.8228687047958374,0.04491627216339111,0.1317114233970642,0.027360694482922554,0.0411827452480793,0.2120470553636551,-0.04480569064617157,0.4631901979446411,1.0,0.349693238735199,0.8098159432411194,0.4631901979446411,33.473384857177734,36.372222900390625,179.20851135253906,0.0,0.5429447889328003,0.012269938364624977,0.07808732986450195,0.0057048313319683075,0.0881803035736084,0.004192839376628399,1.0,0.0,33.473384857177734,35.581295013427734,0.0,0.0,0.0,0.0,0.0,0.0,0.0,0.0,0.0,0.0,0.0,0.0,0.0,0.0,0.0,0.0,0.0,0.0,0.0,0.0,0.0,0.0,0.0,0.0,0.0,0.0
-R8O1oRTmaw_01565_01796.mp4,/Users/josephkamil/Desktop/Capstone/Oly_Data/raw/snatch_mp4/-R8O1oRTmaw_01565_01796.mp4,snatch,232,232,232,139.62176513671875,41.951194763183594,38.65920639038086,179.21517944335938,3.515960693359375,126.6494140625,41.3049201965332,32.47166061401367,179.2548828125,74.9402084350586,170.93246459960938,6.179576873779297,130.62684631347656,179.33248901367188,-7.50006103515625,0.0,0.0,0.0,0.0,0.0,0.486979603767395,0.1746119260787964,0.2471613734960556,0.7031933069229126,-0.36465930938720703,0.5853030681610107,0.06091610714793205,0.43623149394989014,0.7221952676773071,8.404254913330078e-06,0.1526983082294464,0.05036846920847893,0.004785800352692604,0.22376765310764313,-0.1946750283241272,0.4353448152542114,1.0,0.3663793206214905,0.7974137663841248,0.4353448152542114,38.65920639038086,32.47166061401367,179.33248901367188,0.0,0.2284482717514038,0.4137931168079376,0.052659571170806885,0.006503359880298376,0.06417757272720337,0.004696145188063383,0.0,0.0,38.65920639038086,145.6147918701172,0.0,0.0,0.0,0.0,0.0,0.0,0.0,0.0,0.0,0.0,0.0,0.0,0.0,0.0,0.0,0.0,0.0,0.0,0.0,0.0,0.0,0.0,0.0,0.0,0.0,0.0
-tl9NgfDKus_02564_02720.mp4,/Users/josephkamil/Desktop/Capstone/Oly_Data/raw/snatch_mp4/-tl9NgfDKus_02564_02720.mp4,snatch,156,156,156,129.4092559814453,48.58173370361328,22.118961334228516,172.96852111816406,149.99407958984375,122.89225006103516,47.97504425048828,17.28701400756836,165.55630493164062,144.54209899902344,167.11573791503906,10.613877296447754,131.0052032470703,179.44337463378906,-28.805831909179688,0.0,0.0,0.0,0.0,0.0,0.38461506366729736,0.22277145087718964,0.12294772267341614,0.7594000101089478,-0.4913323223590851,0.6232661604881287,0.06560388207435608,0.5528846979141235,0.7940336465835571,-0.0970684289932251,0.1890060007572174,0.062362827360630035,0.01733706332743168,0.29210203886032104,-0.13098692893981934,0.6153846383094788,1.0,0.3333333432674408,0.9935897588729858,0.6666666865348816,22.118961334228516,17.28701400756836,179.44337463378906,0.0,0.01923076994717121,0.0,0.09012073278427124,0.009190607815980911,0.04898953437805176,0.007255099713802338,0.0,0.0,22.118961334228516,156.13851928710938,0.0,0.0,0.0,0.0,0.0,0.0,0.0,0.0,0.0,0.0,0.0,0.0,0.0,0.0,0.0,0.0,0.0,0.0,0.0,0.0,0.0,0.0,0.0,0.0,0.0,0.0
-tl9NgfDKus_02564_02754.mp4,/Users/josephkamil/Desktop/Capstone/Oly_Data/raw/snatch_mp4/-tl9NgfDKus_02564_02754.mp4,snatch,190,190,191,135.46701049804688,47.51194381713867,20.51019859313965,179.6077423095703,158.64622497558594,130.33929443359375,47.574249267578125,14.287636756896973,179.5424346923828,160.3240966796875,166.31375122070312,11.509328842163086,128.5296630859375,179.42466735839844,-32.714569091796875,0.0,0.0,0.0,0.0,0.0,0.43955740332603455,0.2512144446372986,0.12264686822891235,1.0134462118148804,0.3128918409347534,0.6477837562561035,0.09719877690076828,0.5512230396270752,1.0424413681030273,0.37530481815338135,0.20426954329013824,0.08379486203193665,0.007109199650585651,0.4588090777397156,0.20553219318389893,0.5315789580345154,1.0,0.2789473831653595,0.8473684191703796,0.5736842155456543,20.51019859313965,14.287636756896973,179.42466735839844,0.0,0.0,0.0,0.08619818091392517,0.011832857504487038,0.0600125789642334,0.008567063137888908,0.0,0.0,20.51019859313965,95.38030242919922,0.0,0.0,0.0,0.0,0.0,0.0,0.0,0.0,0.0,0.0,0.0,0.0,0.0,0.0,0.0,0.0,0.0,0.0,0.0,0.0,0.0,0.0,0.0,0.0,0.0,0.0
-tl9NgfDKus_09414_10021.mp4,/Users/josephkamil/Desktop/Capstone/Oly_Data/raw/snatch_mp4/-tl9NgfDKus_09414_10021.mp4,snatch,341,341,607,129.63558959960938,37.928497314453125,63.880916595458984,179.18099975585938,-7.1863250732421875,107.37435913085938,38.71156692504883,35.95243835449219,178.114501953125,-5.3116455078125,158.77066040039062,12.067582130432129,135.92047119140625,179.28675842285156,-22.00091552734375,0.0,0.0,0.0,0.0,0.0,0.6959964632987976,0.05613222345709801,0.5885389447212219,0.8223413228988647,-0.05616772174835205,0.6145323514938354,0.09722636640071869,0.3802180886268616,0.7475796341896057,-0.06464439630508423,0.16860322654247284,0.04631485417485237,0.09945200383663177,0.3265324532985687,0.036705948412418365,0.0,0.0,1.0,0.0,0.0,63.880916595458984,35.95243835449219,179.28675842285156,0.0,0.7565982341766357,0.8445748090744019,0.0611346960067749,0.0033167186193168163,0.10578453540802002,0.006253855302929878,0.0,1.0,72.07859802246094,63.880916595458984,0.0,0.0,0.0,0.0,0.0,0.0,0.0,0.0,0.0,0.0,0.0,0.0,0.0,0.0,0.0,0.0,0.0,0.0,0.0,0.0,0.0,0.0,0.0,0.0,0.0,0.0
0L-eq_vImgA_00001_00810.mp4,/Users/josephkamil/Desktop/Capstone/Oly_Data/raw/snatch_mp4/0L-eq_vImgA_00001_00810.mp4,snatch,472,472,810,125.24771881103516,64.40135955810547,2.6864230632781982,179.1824951171875,8.900009155273438,119.73081970214844,58.76197052001953,1.6442384719848633,179.2813262939453,0.253875732421875,158.5177001953125,33.73067855834961,3.3009259700775146,178.7421112060547,5.3106536865234375,0.0,0.0,0.0,0.0,0.0,0.6408209800720215,0.16286630928516388,0.39621347188949585,0.8714702129364014,-0.1262640357017517,0.7271875739097595,0.06134297698736191,0.6350851058959961,0.8173210620880127,-0.028017818927764893,0.09470628201961517,0.021785695105791092,0.008824707940220833,0.12677635252475739,0.07766833901405334,0.38771185278892517,1.0,0.0,0.9978813529014587,1.0,2.6864230632781982,1.6442384719848633,178.7421112060547,0.0,0.21822033822536469,0.22033898532390594,0.1720992922782898,0.007484099827706814,0.04562795162200928,0.00271489005535841,0.0,0.0,2.6864230632781982,35.616485595703125,0.0,0.0,0.0,0.0,0.0,0.0,0.0,0.0,0.0,0.0,0.0,0.0,0.0,0.0,0.0,0.0,0.0,0.0,0.0,0.0,0.0,0.0,0.0,0.0,0.0,0.0
12bczFB2X-4_00001_00104.mp4,/Users/josephkamil/Desktop/Capstone/Oly_Data/raw/snatch_mp4/12bczFB2X-4_00001_00104.mp4,snatch,16,16,103,65.9150390625,7.065694332122803,50.00023651123047,76.29975891113281,-2.3265762329101562,24.153003692626953,6.192292213439941,19.05879020690918,43.54596710205078,22.18355369567871,163.61605834960938,5.692359447479248,148.60894775390625,170.61927795410156,0.57147216796875,0.0,0.0,0.0,0.0,0.0,0.8609228134155273,0.004323326982557774,0.8550137281417847,0.8666378259658813,2.5451183319091797e-05,0.6914893388748169,0.010508004575967789,0.6742856502532959,0.7199215888977051,0.02554851770401001,0.18829931318759918,0.005393922794610262,0.17968536913394928,0.19814585149288177,0.0014717578887939453,0.0,0.0,1.0,0.0,0.0,50.00023651123047,19.05879020690918,170.61927795410156,0.0,0.8125,0.25,0.00984644889831543,0.002769553568214178,0.017292916774749756,0.004872930236160755,0.0,1.0,61.2059440612793,50.00023651123047,0.0,0.0,0.0,0.0,0.0,0.0,0.0,0.0,0.0,0.0,0.0,0.0,0.0,0.0,0.0,0.0,0.0,0.0,0.0,0.0,0.0,0.0,0.0,0.0,0.0,0.0
1DX0IXizcHg_00270_00428.mp4,/Users/josephkamil/Desktop/Capstone/Oly_Data/raw/snatch_mp4/1DX0IXizcHg_00270_00428.mp4,snatch,101,101,158,99.1933364868164,52.8450927734375,1.5293197631835938,175.2803192138672,109.58108520507812,111.26292419433594,46.36050033569336,11.6118745803833,179.3380584716797,46.50819396972656,108.00147247314453,55.8143424987793,4.228506565093994,178.71446228027344,-68.69598388671875,0.0,0.0,0.0,0.0,0.0,0.5656734108924866,0.0915900319814682,0.4248312711715698,0.7277834415435791,-0.13895535469055176,0.5929951071739197,0.12116120010614395,0.3516904413700104,0.7324024438858032,-0.34696730971336365,0.11108200252056122,0.04474100098013878,0.006657235324382782,0.2028656154870987,0.09790147840976715,0.2871287167072296,1.0,0.3861386179924011,0.6831682920455933,0.30693069100379944,1.5293197631835938,11.6118745803833,178.71446228027344,0.0,0.7920792102813721,0.029702970758080482,0.06541308760643005,0.013237753883004189,0.11724069714546204,0.008807966485619545,0.0,0.0,2.7179315090179443,1.5293197631835938,0.0,0.0,0.0,0.0,0.0,0.0,0.0,0.0,0.0,0.0,0.0,0.0,0.0,0.0,0.0,0.0,0.0,0.0,0.0,0.0,0.0,0.0,0.0,0.0,0.0,0.0
1DX0IXizcHg_01068_01291.mp4,/Users/josephkamil/Desktop/Capstone/Oly_Data/raw/snatch_mp4/1DX0IXizcHg_01068_01291.mp4,snatch,221,221,223,136.74136352539062,46.99072265625,1.8866651058197021,179.47451782226562,61.257415771484375,140.85238647460938,45.20087432861328,6.402710437774658,179.58900451660156,65.3772201538086,161.1541748046875,33.30169677734375,14.82343864440918,179.3611602783203,-14.255722045898438,0.0,0.0,0.0,0.0,0.0,0.48268258571624756,0.2579710781574249,0.1686965823173523,0.8378990888595581,-0.019168615341186523,0.6741503477096558,0.05658186227083206,0.5183589458465576,0.7811800241470337,-0.0804901123046875,0.18483147025108337,0.043467216193675995,0.026808040216565132,0.2694026529788971,0.01354508101940155,0.5520362257957458,1.0,0.38461539149284363,0.9321267008781433,0.5520362257957458,1.8866651058197021,6.402710437774658,179.3611602783203,0.0,0.4343891441822052,0.4343891441822052,0.22271066904067993,0.013018867932260036,0.0963483452796936,0.006327358074486256,1.0,0.0,1.8866651058197021,124.6683120727539,0.0,0.0,0.0,0.0,0.0,0.0,0.0,0.0,0.0,0.0,0.0,0.0,0.0,0.0,0.0,0.0,0.0,0.0,0.0,0.0,0.0,0.0,0.0,0.0,0.0,0.0
1DX0IXizcHg_01292_01617.mp4,/Users/josephkamil/Desktop/Capstone/Oly_Data/raw/snatch_mp4/1DX0IXizcHg_01292_01617.mp4,snatch,308,308,325,127.82100677490234,54.691162109375,1.5624867677688599,179.45726013183594,2.5851593017578125,135.447021484375,50.58811950683594,4.346778869628906,179.5799102783203,43.88731384277344,159.60939025878906,25.708152770996094,7.504249095916748,179.21047973632812,-22.631790161132812,0.0,0.0,0.0,0.0,0.0,0.5127301812171936,0.23806893825531006,0.15559710562229156,0.8222372531890869,-0.06301754713058472,0.6701421141624451,0.05831354111433029,0.44247525930404663,0.7843986749649048,-0.0354229211807251,0.17609284818172455,0.03163297846913338,0.06208808347582817,0.23273642361164093,0.08927503228187561,0.4220779240131378,1.0,0.38311687111854553,0.801948070526123,0.4220779240131378,1.5624867677688599,4.346778869628906,179.21047973632812,0.0,0.31168830394744873,0.43831169605255127,0.10854330658912659,0.009434614330530167,0.08704182505607605,0.007417353335767984,0.0,0.0,1.5624867677688599,20.95716667175293,0.0,0.0,0.0,0.0,0.0,0.0,0.0,0.0,0.0,0.0,0.0,0.0,0.0,0.0,0.0,0.0,0.0,0.0,0.0,0.0,0.0,0.0,0.0,0.0,0.0,0.0
1DX0IXizcHg_01620_01856.mp4,/Users/josephkamil/Desktop/Capstone/Oly_Data/raw/snatch_mp4/1DX0IXizcHg_01620_01856.mp4,snatch,214,214,236,117.68359375,62.60497283935547,1.4445719718933105,179.52102661132812,122.62987518310547,115.9251708984375,58.1317024230957,0.6303853988647461,176.60728454589844,119.32514953613281,167.572998046875,22.50461769104004,6.850703239440918,179.3160400390625,0.9322052001953125,0.0,0.0,0.0,0.0,0.0,0.4046977460384369,0.19975754618644714,0.14902305603027344,0.7435956001281738,-0.13004177808761597,0.6461515426635742,0.06954886019229889,0.41304728388786316,0.7287139892578125,-0.15323102474212646,0.17414556443691254,0.04260086268186569,0.006163370329886675,0.2572494447231293,0.07214532792568207,0.5934579372406006,1.0,0.23831775784492493,0.8317757248878479,0.5981308221817017,1.4445719718933105,0.6303853988647461,179.3160400390625,0.0,0.15887850522994995,0.13084112107753754,0.167269766330719,0.015525354072451591,0.09050959348678589,0.006274552550166845,0.0,0.0,1.4445719718933105,135.93821716308594,0.0,0.0,0.0,0.0,0.0,0.0,0.0,0.0,0.0,0.0,0.0,0.0,0.0,0.0,0.0,0.0,0.0,0.0,0.0,0.0,0.0,0.0,0.0,0.0,0.0,0.0
1DX0IXizcHg_01872_02045.mp4,/Users/josephkamil/Desktop/Capstone/Oly_Data/raw/snatch_mp4/1DX0IXizcHg_01872_02045.mp4,snatch,173,173,173,119.32356262207031,48.28337097167969,37.94540786743164,179.48854064941406,14.134048461914062,118.44612884521484,43.88482666015625,37.30341339111328,177.74514770507812,12.439994812011719,159.9237823486328,22.301942825317383,7.396215438842773,179.0790557861328,-7.5590972900390625,0.0,0.0,0.0,0.0,0.0,0.4945291578769684,0.22747933864593506,0.22898121178150177,0.8593313694000244,0.07070815563201904,0.7237371802330017,0.07305862754583359,0.5046718716621399,0.876203179359436,0.005014896392822266,0.1692669838666916,0.04759451746940613,0.06380944699048996,0.24599714577198029,0.06543339788913727,0.589595377445221,1.0,0.28901734948158264,0.8728323578834534,0.589595377445221,37.94540786743164,37.30341339111328,179.0790557861328,0.0,0.07514450699090958,0.07514450699090958,0.15968424081802368,0.014372745528817177,0.11348831653594971,0.0068893940187990665,0.0,0.0,37.94540786743164,58.2166633605957,0.0,0.0,0.0,0.0,0.0,0.0,0.0,0.0,0.0,0.0,0.0,0.0,0.0,0.0,0.0,0.0,0.0,0.0,0.0,0.0,0.0,0.0,0.0,0.0,0.0,0.0
1DX0IXizcHg_02062_02337.mp4,/Users/josephkamil/Desktop/Capstone/Oly_Data/raw/snatch_mp4/1DX0IXizcHg_02062_02337.mp4,snatch,256,256,275,125.99036407470703,46.4250602722168,28.835546493530273,179.36270141601562,35.13899230957031,120.34870147705078,46.31178283691406,35.836090087890625,179.53854370117188,83.32572937011719,157.94264221191406,24.022533416748047,36.37455749511719,179.23468017578125,-18.372207641601562,0.0,0.0,0.0,0.0,0.0,0.3852977454662323,0.23837913572788239,-0.0051676491275429726,0.8012739419937134,-0.1776004433631897,0.615697979927063,0.07934517413377762,0.46444976329803467,0.786487340927124,0.06662029027938843,0.1701773703098297,0.03765900060534477,0.04869171977043152,0.24044285714626312,0.01654653251171112,0.6171875,1.0,0.2734375,0.88671875,0.6171875,28.835546493530273,35.836090087890625,179.23468017578125,0.0,0.328125,0.0234375,0.16820168495178223,0.015137712471187115,0.0927770733833313,0.006159606855362654,1.0,0.0,28.835546493530273,125.05587768554688,0.0,0.0,0.0,0.0,0.0,0.0,0.0,0.0,0.0,0.0,0.0,0.0,0.0,0.0,0.0,0.0,0.0,0.0,0.0,0.0,0.0,0.0,0.0,0.0,0.0,0.0
1DX0IXizcHg_02338_02511.mp4,/Users/josephkamil/Desktop/Capstone/Oly_Data/raw/snatch_mp4/1DX0IXizcHg_02338_02511.mp4,snatch,135,135,173,116.86155700683594,55.764183044433594,20.10657501220703,179.62696838378906,137.04600524902344,126.03825378417969,43.122581481933594,52.54795455932617,179.4658966064453,85.76358795166016,144.46484375,36.73508071899414,9.873598098754883,179.3018798828125,-17.931396484375,0.0,0.0,0.0,0.0,0.0,0.36866897344589233,0.19117729365825653,0.03461693599820137,0.752289891242981,-0.13625943660736084,0.6412696838378906,0.07518288493156433,0.4149121046066284,0.718806803226471,-0.08345115184783936,0.14592601358890533,0.05724324658513069,0.0022795808035880327,0.2670820951461792,-0.02050173282623291,0.5703703761100769,1.0,0.14814814925193787,0.9333333373069763,0.7925925850868225,20.10657501220703,52.54795455932617,179.3018798828125,0.0,0.10370370000600815,0.3629629611968994,0.22384142875671387,0.029826344922184944,0.13341498374938965,0.009946292266249657,0.125,0.0,20.10657501220703,111.77716064453125,0.0,0.0,0.0,0.0,0.0,0.0,0.0,0.0,0.0,0.0,0.0,0.0,0.0,0.0,0.0,0.0,0.0,0.0,0.0,0.0,0.0,0.0,0.0,0.0,0.0,0.0
1DX0IXizcHg_02569_02687.mp4,/Users/josephkamil/Desktop/Capstone/Oly_Data/raw/snatch_mp4/1DX0IXizcHg_02569_02687.mp4,snatch,117,117,118,125.37324523925781,47.44572448730469,32.814849853515625,179.48757934570312,48.59199523925781,132.52023315429688,40.98745346069336,56.0534553527832,179.52615356445312,81.25391387939453,150.91448974609375,36.33494567871094,6.301342487335205,176.6197509765625,-15.711959838867188,0.0,0.0,0.0,0.0,0.0,0.39854392409324646,0.14338499307632446,0.2204168438911438,0.7216271162033081,-0.3027934432029724,0.6391485929489136,0.06968265771865845,0.43129944801330566,0.7611092329025269,-0.06748425960540771,0.12687478959560394,0.04579123854637146,0.014171351678669453,0.20608142018318176,-0.054858170449733734,0.6495726704597473,1.0,0.28205129504203796,0.9914529919624329,0.7179487347602844,32.814849853515625,56.0534553527832,176.6197509765625,0.0,0.4188034236431122,0.38461539149284363,0.10058802366256714,0.020080149173736572,0.09730422496795654,0.009164094924926758,1.0,0.0,32.814849853515625,115.2907943725586,0.0,0.0,0.0,0.0,0.0,0.0,0.0,0.0,0.0,0.0,0.0,0.0,0.0,0.0,0.0,0.0,0.0,0.0,0.0,0.0,0.0,0.0,0.0,0.0,0.0,0.0
2Rms41zxbqI_00060_00434.mp4,/Users/josephkamil/Desktop/Capstone/Oly_Data/raw/snatch_mp4/2Rms41zxbqI_00060_00434.mp4,snatch,367,367,374,128.895263671875,45.88573455810547,24.535659790039062,179.49465942382812,46.80780029296875,102.15603637695312,51.55031204223633,37.06182861328125,179.47486877441406,102.798828125,167.27732849121094,10.882651329040527,88.99944305419922,179.33441162109375,-1.4915313720703125,0.0,0.0,0.0,0.0,0.0,0.44231927394866943,0.2549152672290802,0.07248631119728088,0.7677609920501709,-0.19696640968322754,0.5980914235115051,0.08248578011989594,0.41845807433128357,0.7902501821517944,0.04352694749832153,0.1906624287366867,0.03233196586370468,0.044031888246536255,0.24962276220321655,-0.04022330045700073,0.4986376166343689,1.0,0.42506811022758484,0.9209809303283691,0.4986376166343689,24.535659790039062,37.06182861328125,179.33441162109375,0.0,0.4523160755634308,0.4550408720970154,0.31756067276000977,0.007119649089872837,0.13139891624450684,0.004370065871626139,1.0,0.0,24.535659790039062,28.25033187866211,0.0,0.0,0.0,0.0,0.0,0.0,0.0,0.0,0.0,0.0,0.0,0.0,0.0,0.0,0.0,0.0,0.0,0.0,0.0,0.0,0.0,0.0,0.0,0.0,0.0,0.0
300i1qmyl-k_00721_01185.mp4,/Users/josephkamil/Desktop/Capstone/Oly_Data/raw/snatch_mp4/300i1qmyl-k_00721_01185.mp4,snatch,390,390,465,107.2773666381836,58.965187072753906,40.89690399169922,179.589599609375,3.6761322021484375,103.72319793701172,57.990177154541016,36.886634826660156,179.4259490966797,3.07562255859375,161.6975555419922,15.28195858001709,102.4512710571289,179.31277465820312,-28.305007934570312,0.0,0.0,0.0,0.0,0.0,0.4255472719669342,0.24872373044490814,-0.18091687560081482,0.6574243307113647,-0.09409013390541077,0.49290281534194946,0.12937234342098236,0.3015707731246948,0.6572678685188293,-0.03472211956977844,0.20785066485404968,0.031803421676158905,0.043987926095724106,0.27059414982795715,-0.04923820495605469,0.17692308127880096,1.0,0.6000000238418579,0.7743589878082275,0.17692308127880096,40.89690399169922,36.886634826660156,179.31277465820312,0.0,0.5,0.4000000059604645,0.12300589680671692,0.007126083597540855,0.09489664435386658,0.004266739822924137,0.0,1.0,40.89690399169922,41.1454963684082,0.0,0.0,0.0,0.0,0.0,0.0,0.0,0.0,0.0,0.0,0.0,0.0,0.0,0.0,0.0,0.0,0.0,0.0,0.0,0.0,0.0,0.0,0.0,0.0,0.0,0.0
4_jMgAJ5Wu0_00574_00740.mp4,/Users/josephkamil/Desktop/Capstone/Oly_Data/raw/snatch_mp4/4_jMgAJ5Wu0_00574_00740.mp4,snatch,142,142,166,139.81967163085938,41.032135009765625,35.59770584106445,179.40931701660156,74.68196868896484,138.42697143554688,34.03361892700195,57.74203872680664,179.22494506835938,1.391876220703125,134.37933349609375,50.82026290893555,3.8496997356414795,178.9792938232422,125.96141815185547,0.0,0.0,0.0,0.0,0.0,0.45955464243888855,0.13429579138755798,0.22539833188056946,0.7933254837989807,-0.20135697722434998,0.5152097344398499,0.060173530131578445,0.3847714066505432,0.648066520690918,-0.057360291481018066,0.0948493704199791,0.0484391413629055,0.010697761550545692,0.23095297813415527,0.08473139256238937,0.246478870511055,1.0,0.14788731932640076,0.7183098793029785,0.577464759349823,35.59770584106445,57.74203872680664,178.9792938232422,0.0,0.056338027119636536,0.22535210847854614,0.2507398724555969,0.03548311069607735,0.07363837957382202,0.00733223045244813,0.0,0.0,35.59770584106445,120.48512268066406,0.0,0.0,0.0,0.0,0.0,0.0,0.0,0.0,0.0,0.0,0.0,0.0,0.0,0.0,0.0,0.0,0.0,0.0,0.0,0.0,0.0,0.0,0.0,0.0,0.0,0.0
6L4a8jKc-nM_00001_00299.mp4,/Users/josephkamil/Desktop/Capstone/Oly_Data/raw/snatch_mp4/6L4a8jKc-nM_00001_00299.mp4,snatch,288,288,299,127.82493591308594,50.90690612792969,34.841793060302734,179.4722442626953,16.925613403320312,109.86349487304688,52.81166458129883,34.67491149902344,179.41542053222656,133.37962341308594,164.8764190673828,25.50389289855957,23.6511173248291,179.08541870117188,-16.934112548828125,0.0,0.0,0.0,0.0,0.0,0.4562249779701233,0.22157153487205505,0.12465377151966095,0.7692806720733643,-0.25837278366088867,0.5845103859901428,0.09305033087730408,0.4739276170730591,0.7393482327461243,-0.044605553150177,0.16021931171417236,0.030924338847398758,0.03763435035943985,0.22560377418994904,0.027706623077392578,0.4861111044883728,1.0,0.3194444477558136,0.8020833134651184,0.4861111044883728,34.841793060302734,34.67491149902344,179.08541870117188,0.0,0.3784722089767456,0.0520833320915699,0.17201778292655945,0.009215937927365303,0.05154508352279663,0.0037821598816663027,1.0,0.0,34.841793060302734,87.74188995361328,0.0,0.0,0.0,0.0,0.0,0.0,0.0,0.0,0.0,0.0,0.0,0.0,0.0,0.0,0.0,0.0,0.0,0.0,0.0,0.0,0.0,0.0,0.0,0.0,0.0,0.0
8ayxz86QCng_00001_00552.mp4,/Users/josephkamil/Desktop/Capstone/Oly_Data/raw/snatch_mp4/8ayxz86QCng_00001_00552.mp4,snatch,92,92,552,161.28707885742188,22.366498947143555,53.598594665527344,179.22540283203125,41.528175354003906,169.3033447265625,14.734077453613281,73.21832275390625,179.27120971679688,-26.188491821289062,151.9053192138672,20.00068473815918,49.715885162353516,177.8634033203125,39.02545166015625,0.0,0.0,0.0,0.0,0.0,0.3831562399864197,0.06904991716146469,0.2834385931491852,0.5432106256484985,-0.11184835433959961,0.4424886703491211,0.03079460747539997,0.30719470977783203,0.5022566318511963,0.15597078204154968,0.0679682269692421,0.02085697092115879,0.015541872940957546,0.09822416305541992,0.053634725511074066,0.22826087474822998,1.0,0.010869565419852734,0.5652173757553101,0.5652173757553101,53.598594665527344,73.21832275390625,177.8634033203125,0.0,0.70652174949646,0.54347825050354,0.21552833914756775,0.013930895365774632,0.14060097932815552,0.00627150759100914,0.0,0.0,82.49005889892578,53.598594665527344,0.0,0.0,0.0,0.0,0.0,0.0,0.0,0.0,0.0,0.0,0.0,0.0,0.0,0.0,0.0,0.0,0.0,0.0,0.0,0.0,0.0,0.0,0.0,0.0,0.0,0.0
8fcBgQUr4ek_04882_05148.mp4,/Users/josephkamil/Desktop/Capstone/Oly_Data/raw/snatch_mp4/8fcBgQUr4ek_04882_05148.mp4,snatch,204,204,266,145.6673583984375,39.61761474609375,42.48192596435547,179.3983612060547,73.17794036865234,130.24266052246094,48.41425704956055,11.095036506652832,177.96957397460938,20.5609130859375,164.84210205078125,14.776328086853027,50.48726272583008,178.9136199951172,24.404525756835938,0.0,0.0,0.0,0.0,0.0,0.4106532037258148,0.17803016304969788,0.1996636688709259,0.7067292928695679,0.08315789699554443,0.5818590521812439,0.10472923517227173,0.319734662771225,0.8372028470039368,0.08677834272384644,0.16701646149158478,0.05732797458767891,0.0060212318785488605,0.2692091166973114,0.05495703965425491,0.6127451062202454,1.0,0.3333333432674408,0.9411764740943909,0.6127451062202454,42.48192596435547,11.095036506652832,178.9136199951172,0.0,0.4019607901573181,0.19117647409439087,0.09816247224807739,0.007128557190299034,0.06762552261352539,0.007569268345832825,1.0,0.0,42.48192596435547,156.5860595703125,0.0,0.0,0.0,0.0,0.0,0.0,0.0,0.0,0.0,0.0,0.0,0.0,0.0,0.0,0.0,0.0,0.0,0.0,0.0,0.0,0.0,0.0,0.0,0.0,0.0,0.0
9n9JfJKIUwU_00001_00177.mp4,/Users/josephkamil/Desktop/Capstone/Oly_Data/raw/snatch_mp4/9n9JfJKIUwU_00001_00177.mp4,snatch,150,150,177,138.2004852294922,52.58382034301758,12.589744567871094,179.1354522705078,-25.401031494140625,134.3421173095703,56.81353759765625,5.588888645172119,179.37661743164062,-7.67486572265625,157.83355712890625,29.96458625793457,34.65459442138672,178.88238525390625,12.135589599609375,0.0,0.0,0.0,0.0,0.0,0.4800306260585785,0.14890149235725403,0.2048458456993103,0.7456899881362915,0.07033178210258484,0.574109673500061,0.07918807119131088,0.46744468808174133,0.7253727912902832,0.09195971488952637,0.12108612060546875,0.02770126983523369,0.02440192922949791,0.17061477899551392,0.005641549825668335,0.3466666638851166,1.0,0.54666668176651,0.8866666555404663,0.3466666638851166,12.589744567871094,5.588888645172119,178.88238525390625,0.0,0.47333332896232605,0.653333306312561,0.0838516354560852,0.012198004871606827,0.09437096118927002,0.008005288429558277,0.0,1.0,12.589744567871094,18.752153396606445,0.0,0.0,0.0,0.0,0.0,0.0,0.0,0.0,0.0,0.0,0.0,0.0,0.0,0.0,0.0,0.0,0.0,0.0,0.0,0.0,0.0,0.0,0.0,0.0,0.0,0.0
DX9_nCDNVfk_00120_00450.mp4,/Users/josephkamil/Desktop/Capstone/Oly_Data/raw/snatch_mp4/DX9_nCDNVfk_00120_00450.mp4,snatch,278,278,331,117.60626983642578,66.26234436035156,8.341994285583496,179.07421875,2.38092041015625,121.67047119140625,59.23162078857422,14.577080726623535,179.13890075683594,5.05023193359375,164.82809448242188,17.057315826416016,42.68130874633789,178.603759765625,48.3880615234375,0.0,0.0,0.0,0.0,0.0,0.6454697251319885,0.13387304544448853,0.4042416214942932,0.8011575937271118,-0.21287697553634644,0.7122193574905396,0.06070827692747116,0.6232489347457886,0.8101203441619873,-0.1363435983657837,0.09679408371448517,0.017502591013908386,0.016480959951877594,0.15745915472507477,-0.003937490284442902,0.28057554364204407,1.0,0.02158273383975029,0.7050359845161438,0.6870503425598145,8.341994285583496,14.577080726623535,178.603759765625,0.0,0.06474819779396057,0.1474820077419281,0.1724565625190735,0.007367159705609083,0.08924239873886108,0.004040643107146025,0.0,0.0,8.341994285583496,114.7105484008789,0.0,0.0,0.0,0.0,0.0,0.0,0.0,0.0,0.0,0.0,0.0,0.0,0.0,0.0,0.0,0.0,0.0,0.0,0.0,0.0,0.0,0.0,0.0,0.0,0.0,0.0
DzxjlFoyd8U_00240_00623.mp4,/Users/josephkamil/Desktop/Capstone/Oly_Data/raw/snatch_mp4/DzxjlFoyd8U_00240_00623.mp4,snatch,370,370,384,99.78058624267578,60.33733367919922,2.4902799129486084,177.78179931640625,-12.942085266113281,115.5541000366211,60.55681228637695,3.1517326831817627,179.68582153320312,12.533706665039062,149.9954376220703,29.831209182739258,3.6446611881256104,179.39002990722656,2.655670166015625,0.0,0.0,0.0,0.0,0.0,0.5274757146835327,0.16919127106666565,0.11128608882427216,0.800202488899231,0.1681315302848816,0.6678047180175781,0.09082720428705215,0.3911857008934021,0.8903148174285889,0.22294729948043823,0.1547991931438446,0.07108482718467712,0.023770039901137352,0.3234228193759918,0.21708306670188904,0.3567567467689514,1.0,0.4054054021835327,0.7675675749778748,0.36486485600471497,2.4902799129486084,3.1517326831817627,179.39002990722656,0.0,0.21351350843906403,0.2864864766597748,0.14560240507125854,0.015770044177770615,0.05251041054725647,0.0071150874719023705,0.0,0.0,2.4902799129486084,6.069118022918701,0.0,0.0,0.0,0.0,0.0,0.0,0.0,0.0,0.0,0.0,0.0,0.0,0.0,0.0,0.0,0.0,0.0,0.0,0.0,0.0,0.0,0.0,0.0,0.0,0.0,0.0
E9sPllx4G8M_01430_01678.mp4,/Users/josephkamil/Desktop/Capstone/Oly_Data/raw/snatch_mp4/E9sPllx4G8M_01430_01678.mp4,snatch,238,238,249,142.3699493408203,42.81425094604492,25.172386169433594,178.5150146484375,109.97584533691406,137.60281372070312,36.550804138183594,42.026161193847656,166.81834411621094,107.09656524658203,158.0113067626953,27.89609718322754,4.547728538513184,178.4873504638672,-14.635528564453125,0.0,0.0,0.0,0.0,0.0,0.4206777513027191,0.15199361741542816,0.20698630809783936,0.7485463619232178,-0.29470157623291016,0.5990409255027771,0.0628482848405838,0.4502640962600708,0.7753368616104126,-0.10975801944732666,0.09821965545415878,0.0454590879380703,0.004927036818116903,0.18561924993991852,-0.10801968723535538,0.7058823704719543,1.0,0.1764705926179886,0.9957982897758484,0.8235294222831726,25.172386169433594,42.026161193847656,178.4873504638672,0.0,0.2310924381017685,0.2310924381017685,0.039444804191589355,0.006903709843754768,0.05788964033126831,0.004844945389777422,1.0,0.0,25.172386169433594,115.08267974853516,0.0,0.0,0.0,0.0,0.0,0.0,0.0,0.0,0.0,0.0,0.0,0.0,0.0,0.0,0.0,0.0,0.0,0.0,0.0,0.0,0.0,0.0,0.0,0.0,0.0,0.0
GLoKBmPQzDo_00196_00635.mp4,/Users/josephkamil/Desktop/Capstone/Oly_Data/raw/snatch_mp4/GLoKBmPQzDo_00196_00635.mp4,snatch,287,287,440,159.99696350097656,26.55002784729004,3.636716365814209,179.51571655273438,28.113128662109375,131.89028930664062,61.85218811035156,8.858040809631348,179.50173950195312,148.27598571777344,160.08851623535156,28.204023361206055,3.523111343383789,179.33250427246094,-4.7736053466796875,0.0,0.0,0.0,0.0,0.0,0.4744527339935303,0.22181804478168488,0.16892963647842407,0.7879462838172913,-0.24843496084213257,0.5879351496696472,0.08369692414999008,0.4197455942630768,0.7137788534164429,-0.04748797416687012,0.17780520021915436,0.03639329969882965,0.019106123596429825,0.24852921068668365,-0.004033595323562622,0.407665491104126,1.0,0.37979093194007874,0.7839721441268921,0.407665491104126,3.636716365814209,8.858040809631348,179.33250427246094,0.0,0.4320557415485382,0.03484320640563965,0.10226872563362122,0.010834313929080963,0.09557110071182251,0.005538439378142357,1.0,0.0,3.636716365814209,158.51388549804688,0.0,0.0,0.0,0.0,0.0,0.0,0.0,0.0,0.0,0.0,0.0,0.0,0.0,0.0,0.0,0.0,0.0,0.0,0.0,0.0,0.0,0.0,0.0,0.0,0.0,0.0
LBXdfklSpVg_03373_03870.mp4,/Users/josephkamil/Desktop/Capstone/Oly_Data/raw/snatch_mp4/LBXdfklSpVg_03373_03870.mp4,snatch,487,487,498,106.78483581542969,56.071044921875,1.9656847715377808,179.5169677734375,166.84454345703125,109.38146209716797,50.4182014465332,24.786714553833008,179.46200561523438,143.26446533203125,171.80406188964844,13.76811695098877,33.51841354370117,179.28404235839844,134.5349884033203,0.0,0.0,0.0,0.0,0.0,0.6296142339706421,0.2254355549812317,0.16067755222320557,0.8078916072845459,-0.09073948860168457,0.6637981534004211,0.08543046563863754,0.5041081309318542,0.7630943059921265,-0.0795472264289856,0.17511460185050964,0.03387802094221115,0.015855658799409866,0.23175902664661407,0.1629692018032074,0.24435319006443024,1.0,0.0,0.8295688033103943,0.8316221833229065,1.9656847715377808,24.786714553833008,179.28404235839844,0.0,0.0,0.5154004096984863,0.06755363941192627,0.004076618701219559,0.04340928792953491,0.002380410907790065,0.125,0.0,1.9656847715377808,92.43484497070312,0.0,0.0,0.0,0.0,0.0,0.0,0.0,0.0,0.0,0.0,0.0,0.0,0.0,0.0,0.0,0.0,0.0,0.0,0.0,0.0,0.0,0.0,0.0,0.0,0.0,0.0
LBXdfklSpVg_03930_04260.mp4,/Users/josephkamil/Desktop/Capstone/Oly_Data/raw/snatch_mp4/LBXdfklSpVg_03930_04260.mp4,snatch,327,327,331,131.3182830810547,58.24559020996094,3.6257293224334717,179.53146362304688,1.2307586669921875,134.44232177734375,56.30739974975586,2.434149980545044,179.51327514648438,7.4030609130859375,162.6732940673828,15.29665470123291,76.36679077148438,179.1819305419922,4.318115234375,0.0,0.0,0.0,0.0,0.0,0.5451260209083557,0.22969743609428406,0.14679858088493347,0.8004715442657471,-0.2563987374305725,0.6254216432571411,0.0839226245880127,0.5051320791244507,0.745508074760437,-0.15275490283966064,0.16165217757225037,0.031096428632736206,0.025821486487984657,0.22358468174934387,0.008968740701675415,0.302752286195755,1.0,0.41590213775634766,0.7155963182449341,0.302752286195755,3.6257293224334717,2.434149980545044,179.1819305419922,0.0,0.4954128563404083,0.3058103919029236,0.07707223296165466,0.006378181278705597,0.030020594596862793,0.0031972897704690695,1.0,0.0,3.6257293224334717,149.0490264892578,0.0,0.0,0.0,0.0,0.0,0.0,0.0,0.0,0.0,0.0,0.0,0.0,0.0,0.0,0.0,0.0,0.0,0.0,0.0,0.0,0.0,0.0,0.0,0.0,0.0,0.0
LBXdfklSpVg_05368_05760.mp4,/Users/josephkamil/Desktop/Capstone/Oly_Data/raw/snatch_mp4/LBXdfklSpVg_05368_05760.mp4,snatch,388,388,393,105.9771728515625,64.21269989013672,4.0941619873046875,179.36862182617188,43.59288024902344,109.97549438476562,61.051639556884766,2.04949688911438,179.47154235839844,76.65543365478516,165.93441772460938,10.525686264038086,104.69569396972656,179.08409118652344,16.105758666992188,0.0,0.0,0.0,0.0,0.0,0.5934059023857117,0.1839469075202942,0.23284074664115906,0.7577546834945679,-0.208612859249115,0.6369301676750183,0.07642247527837753,0.5163741707801819,0.736128568649292,-0.12491345405578613,0.13688324391841888,0.02892807312309742,0.023946521803736687,0.2002239227294922,0.028094038367271423,0.26288658380508423,1.0,0.5489690899848938,0.8092783689498901,0.26288658380508423,4.0941619873046875,2.04949688911438,179.08409118652344,0.0,0.47164949774742126,0.469072163105011,0.0395454466342926,0.003230382688343525,0.02661609649658203,0.0025433518458157778,0.0,1.0,4.0941619873046875,7.7977213859558105,0.0,0.0,0.0,0.0,0.0,0.0,0.0,0.0,0.0,0.0,0.0,0.0,0.0,0.0,0.0,0.0,0.0,0.0,0.0,0.0,0.0,0.0,0.0,0.0,0.0,0.0
N_RWv4k-O-I_00140_00501.mp4,/Users/josephkamil/Desktop/Capstone/Oly_Data/raw/snatch_mp4/N_RWv4k-O-I_00140_00501.mp4,snatch,245,245,362,152.891845703125,35.87795639038086,46.91497802734375,179.3238067626953,-2.6034393310546875,149.150634765625,32.62196350097656,62.436397552490234,178.54757690429688,-24.239715576171875,165.5045928955078,16.66477394104004,28.126436233520508,178.92359924316406,-11.942794799804688,0.0,0.0,0.0,0.0,0.0,0.4878966808319092,0.1405797302722931,0.17288729548454285,0.6984947919845581,0.1546512246131897,0.5445910692214966,0.064122274518013,0.4720565974712372,0.6768028736114502,0.031669825315475464,0.13658256828784943,0.03046192042529583,0.017373086884617805,0.18766644597053528,0.011279508471488953,0.2489795982837677,1.0,0.636734664440155,0.8816326260566711,0.2489795982837677,46.91497802734375,62.436397552490234,178.92359924316406,0.0,0.7346938848495483,0.7346938848495483,0.06613004207611084,0.006720921024680138,0.06980228424072266,0.003235843265429139,1.0,1.0,99.63582611083984,46.91497802734375,0.0,0.0,0.0,0.0,0.0,0.0,0.0,0.0,0.0,0.0,0.0,0.0,0.0,0.0,0.0,0.0,0.0,0.0,0.0,0.0,0.0,0.0,0.0,0.0,0.0,0.0
Ne6x-EYnC1Q_00239_00412.mp4,/Users/josephkamil/Desktop/Capstone/Oly_Data/raw/snatch_mp4/Ne6x-EYnC1Q_00239_00412.mp4,snatch,149,149,174,141.18589782714844,27.270187377929688,72.32836151123047,179.40391540527344,-2.5747528076171875,105.01809692382812,56.062896728515625,38.42138671875,179.57630920410156,-7.049587249755859,142.3463897705078,53.81331253051758,8.477209091186523,178.97837829589844,-0.292083740234375,0.0,0.0,0.0,0.0,0.0,0.6139413714408875,0.20621730387210846,0.29853159189224243,0.813511312007904,0.00699460506439209,0.6161002516746521,0.04124751687049866,0.5333685278892517,0.6678128242492676,-0.026066124439239502,0.11420901864767075,0.060804031789302826,0.006507857237011194,0.1728321611881256,0.008111461997032166,0.19463087618350983,1.0,0.4161073863506317,0.7114093899726868,0.30201342701911926,72.32836151123047,38.42138671875,178.97837829589844,0.0,0.33557048439979553,0.9798657894134521,0.07986214756965637,0.009700527414679527,0.04746711254119873,0.006074879318475723,0.0,0.0,72.32836151123047,84.8155288696289,0.0,0.0,0.0,0.0,0.0,0.0,0.0,0.0,0.0,0.0,0.0,0.0,0.0,0.0,0.0,0.0,0.0,0.0,0.0,0.0,0.0,0.0,0.0,0.0,0.0,0.0
Ne6x-EYnC1Q_00840_01096.mp4,/Users/josephkamil/Desktop/Capstone/Oly_Data/raw/snatch_mp4/Ne6x-EYnC1Q_00840_01096.mp4,snatch,195,195,257,123.75358581542969,36.873779296875,28.37752914428711,179.5018310546875,-37.175193786621094,87.47541046142578,50.75088119506836,35.22886276245117,179.5567626953125,-8.603328704833984,155.972900390625,45.196495056152344,6.8949503898620605,179.14208984375,2.859954833984375,0.0,0.0,0.0,0.0,0.0,0.620266854763031,0.1758500039577484,0.22747811675071716,0.8278884887695312,0.1055898666381836,0.5603180527687073,0.0393662266433239,0.44753769040107727,0.6616781949996948,0.12156319618225098,0.14616283774375916,0.0610823854804039,0.007625957950949669,0.19832710921764374,0.0017344951629638672,0.10256410390138626,1.0,0.6974359154701233,0.8051282167434692,0.11282051354646683,28.37752914428711,35.22886276245117,179.14208984375,0.0,0.1230769231915474,0.12820513546466827,0.1604989469051361,0.01264134980738163,0.04614675045013428,0.005917687900364399,0.0,1.0,28.37752914428711,55.23236846923828,0.0,0.0,0.0,0.0,0.0,0.0,0.0,0.0,0.0,0.0,0.0,0.0,0.0,0.0,0.0,0.0,0.0,0.0,0.0,0.0,0.0,0.0,0.0,0.0,0.0,0.0
PWNoy3RLmEY_00459_00587.mp4,/Users/josephkamil/Desktop/Capstone/Oly_Data/raw/snatch_mp4/PWNoy3RLmEY_00459_00587.mp4,snatch,117,117,129,158.4267120361328,19.746898651123047,90.13412475585938,179.38890075683594,-10.374130249023438,148.69277954101562,39.69500732421875,32.31639862060547,179.25730895996094,94.89785766601562,156.80288696289062,21.10146141052246,29.947063446044922,179.1567840576172,59.592979431152344,0.0,0.0,0.0,0.0,0.0,0.41442492604255676,0.20699167251586914,0.12081755697727203,0.7986047267913818,-0.02590036392211914,0.5440400838851929,0.05467550456523895,0.453752338886261,0.6707562804222107,0.1095770001411438,0.16079609096050262,0.04194899648427963,0.06932539492845535,0.2741308808326721,0.08795316517353058,0.4188034236431122,1.0,0.24786324799060822,0.6581196784973145,0.4188034236431122,90.13412475585938,32.31639862060547,179.1567840576172,0.0,0.07692307978868484,0.03418803587555885,0.2726048231124878,0.02329750917851925,0.13606199622154236,0.007787513546645641,0.0,0.0,90.13412475585938,159.6344757080078,0.0,0.0,0.0,0.0,0.0,0.0,0.0,0.0,0.0,0.0,0.0,0.0,0.0,0.0,0.0,0.0,0.0,0.0,0.0,0.0,0.0,0.0,0.0,0.0,0.0,0.0
QWN_unS5o8I_00130_00373.mp4,/Users/josephkamil/Desktop/Capstone/Oly_Data/raw/snatch_mp4/QWN_unS5o8I_00130_00373.mp4,snatch,238,238,243,131.02743530273438,56.766353607177734,19.48124122619629,179.27392578125,97.20521545410156,130.0702667236328,56.13814163208008,3.4789795875549316,179.20130920410156,89.91524505615234,162.4035186767578,19.230566024780273,50.850242614746094,179.0269317626953,1.7960357666015625,0.0,0.0,0.0,0.0,0.0,0.39826247096061707,0.14231421053409576,0.24521121382713318,0.722714364528656,-0.09032875299453735,0.6053715348243713,0.07308425009250641,0.5175520181655884,0.7227147817611694,-0.11428481340408325,0.11498644948005676,0.018657445907592773,0.0254924688488245,0.14738839864730835,0.02695295959711075,0.7983193397521973,1.0,0.15546219050884247,0.9495798349380493,0.7983193397521973,19.48124122619629,3.4789795875549316,179.0269317626953,0.0,0.008403361774981022,0.008403361774981022,0.06204092502593994,0.004369673319160938,0.03536641597747803,0.0031934762373566628,0.0,0.0,19.48124122619629,132.54527282714844,0.0,0.0,0.0,0.0,0.0,0.0,0.0,0.0,0.0,0.0,0.0,0.0,0.0,0.0,0.0,0.0,0.0,0.0,0.0,0.0,0.0,0.0,0.0,0.0,0.0,0.0
Vl7SQWaLh-I_00240_00569.mp4,/Users/josephkamil/Desktop/Capstone/Oly_Data/raw/snatch_mp4/Vl7SQWaLh-I_00240_00569.mp4,snatch,329,329,330,107.5582504272461,67.16280364990234,1.0045534372329712,179.50038146972656,74.01445007324219,104.71452331542969,65.14227294921875,0.9104098081588745,179.45755004882812,109.07052612304688,168.81227111816406,22.321826934814453,34.6942253112793,179.26722717285156,1.99993896484375,0.0,0.0,0.0,0.0,0.0,0.66501784324646,0.24051494896411896,0.1665503829717636,0.8916239738464355,-0.26707398891448975,0.6700919270515442,0.08214785903692245,0.5365822911262512,0.8010684251785278,-0.09483182430267334,0.17352579534053802,0.06660344451665878,0.042463913559913635,0.287637859582901,0.027448520064353943,0.2522796392440796,1.0,0.5288753509521484,0.8145896792411804,0.28875380754470825,1.0045534372329712,0.9104098081588745,179.26722717285156,0.0,0.41033434867858887,0.32826748490333557,0.19357937574386597,0.012484448961913586,0.06670129299163818,0.0036505493335425854,0.0,1.0,1.0045534372329712,8.97712516784668,0.0,0.0,0.0,0.0,0.0,0.0,0.0,0.0,0.0,0.0,0.0,0.0,0.0,0.0,0.0,0.0,0.0,0.0,0.0,0.0,0.0,0.0,0.0,0.0,0.0,0.0
Vl7SQWaLh-I_01040_01378.mp4,/Users/josephkamil/Desktop/Capstone/Oly_Data/raw/snatch_mp4/Vl7SQWaLh-I_01040_01378.mp4,snatch,322,322,339,95.86317443847656,69.07275390625,0.7744317054748535,179.48545837402344,43.07206726074219,105.53280639648438,62.633480072021484,0.7014607787132263,179.63328552246094,51.184539794921875,165.30694580078125,29.4023380279541,3.2467024326324463,179.3008575439453,-11.444992065429688,0.0,0.0,0.0,0.0,0.0,0.6395635008811951,0.26673424243927,0.09152579307556152,0.8897650837898254,-0.2662088871002197,0.6602799296379089,0.09348459541797638,0.5183957815170288,0.8736037015914917,-0.14496517181396484,0.17181676626205444,0.060505595058202744,0.007753894664347172,0.2930918037891388,0.05465131998062134,0.2732919156551361,1.0,0.4906832277774811,0.8571428656578064,0.3695652186870575,0.7744317054748535,0.7014607787132263,179.3008575439453,0.0,0.3478260934352875,0.3726707994937897,0.2785615026950836,0.01966038905084133,0.17321085929870605,0.005587619263678789,0.0,1.0,0.7744317054748535,19.927410125732422,0.0,0.0,0.0,0.0,0.0,0.0,0.0,0.0,0.0,0.0,0.0,0.0,0.0,0.0,0.0,0.0,0.0,0.0,0.0,0.0,0.0,0.0,0.0,0.0,0.0,0.0
YInVzhc2KAo_00001_00298.mp4,/Users/josephkamil/Desktop/Capstone/Oly_Data/raw/snatch_mp4/YInVzhc2KAo_00001_00298.mp4,snatch,283,283,298,150.5040740966797,28.676328659057617,74.14544677734375,179.57086181640625,15.272171020507812,150.96847534179688,25.007081985473633,78.25209045410156,179.60670471191406,13.8929443359375,150.54373168945312,39.525733947753906,3.0370731353759766,179.46170043945312,-38.33985900878906,0.0,0.0,0.0,0.0,0.0,0.3579505980014801,0.24347315728664398,-0.03950168937444687,0.7393800020217896,-0.36197900772094727,0.5540317893028259,0.08521772921085358,0.3834344148635864,0.7380008697509766,-0.13205447793006897,0.1915411502122879,0.051339663565158844,0.0314963236451149,0.2528211772441864,-0.1094454973936081,0.5300353169441223,1.0,0.31448763608932495,0.9858657121658325,0.6749116778373718,74.14544677734375,78.25209045410156,179.46170043945312,0.0,0.4664310812950134,0.8197879791259766,0.07901012897491455,0.012444758787751198,0.04166454076766968,0.005697046406567097,1.0,0.0,74.14544677734375,82.89859771728516,0.0,0.0,0.0,0.0,0.0,0.0,0.0,0.0,0.0,0.0,0.0,0.0,0.0,0.0,0.0,0.0,0.0,0.0,0.0,0.0,0.0,0.0,0.0,0.0,0.0,0.0
aPfHtLdduD4_00599_00987.mp4,/Users/josephkamil/Desktop/Capstone/Oly_Data/raw/snatch_mp4/aPfHtLdduD4_00599_00987.mp4,snatch,58,58,389,129.72264099121094,58.197505950927734,4.679712295532227,179.06015014648438,82.5315933227539,16.429502487182617,19.95778465270996,1.0205637216567993,94.17961883544922,92.65399169921875,167.9207000732422,19.0860652923584,81.6401138305664,179.21006774902344,2.4860382080078125,0.0,0.0,0.0,0.0,0.0,0.735489547252655,0.08490919321775436,0.5496721267700195,0.8066340684890747,0.19585543870925903,0.5205709338188171,0.04435472562909126,0.4434247612953186,0.5901085734367371,0.10524177551269531,0.18419301509857178,0.062283895909786224,0.040099333971738815,0.2448101043701172,0.18524032831192017,0.0,0.0,1.0,0.0,0.0,4.679712295532227,1.0205637216567993,179.21006774902344,0.0,0.17241379618644714,0.3103448152542114,0.05293774604797363,0.00737454928457737,0.049744367599487305,0.007598286960273981,0.0,1.0,4.679712295532227,121.08705139160156,0.0,0.0,0.0,0.0,0.0,0.0,0.0,0.0,0.0,0.0,0.0,0.0,0.0,0.0,0.0,0.0,0.0,0.0,0.0,0.0,0.0,0.0,0.0,0.0,0.0,0.0
cSxxajrTO5w_00365_00710.mp4,/Users/josephkamil/Desktop/Capstone/Oly_Data/raw/snatch_mp4/cSxxajrTO5w_00365_00710.mp4,snatch,253,253,346,133.0992889404297,51.7818489074707,5.474249362945557,179.34829711914062,13.2720947265625,141.67213439941406,46.449440002441406,9.75511360168457,179.51800537109375,9.586807250976562,140.25460815429688,31.223007202148438,3.418635606765747,178.76296997070312,35.49055480957031,0.0,0.0,0.0,0.0,0.0,0.5673602819442749,0.15074510872364044,0.26227709650993347,0.7872908115386963,-0.13456839323043823,0.6538010835647583,0.08272112905979156,0.5288039445877075,0.7766212224960327,-0.055346131324768066,0.07256217300891876,0.0296583604067564,0.018955333158373833,0.20612256228923798,0.015151765197515488,0.16996046900749207,1.0,0.3280632495880127,0.8498023748397827,0.5256916880607605,5.474249362945557,9.75511360168457,178.76296997070312,0.0,0.17391304671764374,0.21739129722118378,0.2734132409095764,0.014353997074067593,0.08000445365905762,0.006086776033043861,0.0,0.0,5.474249362945557,154.42066955566406,0.0,0.0,0.0,0.0,0.0,0.0,0.0,0.0,0.0,0.0,0.0,0.0,0.0,0.0,0.0,0.0,0.0,0.0,0.0,0.0,0.0,0.0,0.0,0.0,0.0,0.0
eVqGMfMXG24_00001_00224.mp4,/Users/josephkamil/Desktop/Capstone/Oly_Data/raw/snatch_mp4/eVqGMfMXG24_00001_00224.mp4,snatch,193,193,224,140.40414428710938,39.169654846191406,39.18560028076172,179.21356201171875,53.83116912841797,113.55772399902344,48.97157287597656,32.212318420410156,174.30264282226562,98.22103881835938,169.86532592773438,14.200003623962402,70.47411346435547,178.7657012939453,1.5547943115234375,0.0,0.0,0.0,0.0,0.0,0.518879234790802,0.1781865507364273,0.28834232687950134,0.7553807497024536,-0.1910393238067627,0.5933371782302856,0.044400911778211594,0.5332804322242737,0.7041244506835938,-0.04762601852416992,0.09953511506319046,0.02263515442609787,0.012545399367809296,0.1450149267911911,0.00988849252462387,0.4715026021003723,1.0,0.44041451811790466,0.9067357778549194,0.4715026021003723,39.18560028076172,32.212318420410156,178.7657012939453,0.0,0.5025906562805176,0.08290155231952667,0.06118607521057129,0.005745133850723505,0.03271216154098511,0.002990293549373746,1.0,0.0,39.18560028076172,72.29412078857422,0.0,0.0,0.0,0.0,0.0,0.0,0.0,0.0,0.0,0.0,0.0,0.0,0.0,0.0,0.0,0.0,0.0,0.0,0.0,0.0,0.0,0.0,0.0,0.0,0.0,0.0
iEByXfUcsMw_00071_00334.mp4,/Users/josephkamil/Desktop/Capstone/Oly_Data/raw/snatch_mp4/iEByXfUcsMw_00071_00334.mp4,snatch,262,262,264,120.12448120117188,52.95560836791992,39.34454345703125,179.0962371826172,43.97117614746094,111.74042510986328,51.914058685302734,42.40933609008789,177.10679626464844,65.89400482177734,169.89100646972656,18.61240577697754,14.181809425354004,178.6577911376953,-21.552276611328125,0.0,0.0,0.0,0.0,0.0,0.5482607483863831,0.14756260812282562,0.34245383739471436,0.728930652141571,-0.16848576068878174,0.6331341862678528,0.054827600717544556,0.5590645670890808,0.7181929349899292,-0.11751246452331543,0.09182573109865189,0.013789643533527851,0.029293693602085114,0.1120048239827156,0.025267869234085083,0.45038166642189026,1.0,0.42748090624809265,0.8740457892417908,0.45038166642189026,39.34454345703125,42.40933609008789,178.6577911376953,0.0,0.4770992398262024,0.24809160828590393,0.08512437343597412,0.0050352890975773335,0.030673861503601074,0.002145372098311782,1.0,0.0,39.34454345703125,84.5014419555664,0.0,0.0,0.0,0.0,0.0,0.0,0.0,0.0,0.0,0.0,0.0,0.0,0.0,0.0,0.0,0.0,0.0,0.0,0.0,0.0,0.0,0.0,0.0,0.0,0.0,0.0
iEByXfUcsMw_00339_00684.mp4,/Users/josephkamil/Desktop/Capstone/Oly_Data/raw/snatch_mp4/iEByXfUcsMw_00339_00684.mp4,snatch,343,343,346,126.29238891601562,30.601085662841797,35.45307540893555,170.77281188964844,14.29425048828125,56.287559509277344,31.700281143188477,30.667564392089844,179.03634643554688,79.33531188964844,174.77505493164062,8.43350601196289,67.22724914550781,178.58331298828125,-6.8704071044921875,0.0,0.0,0.0,0.0,0.0,0.6867209672927856,0.06731390208005905,0.45122185349464417,0.7251871228218079,-0.08905845880508423,0.60419100522995,0.03276396915316582,0.5435909628868103,0.7100816965103149,-0.04130584001541138,0.09747964143753052,0.018552225083112717,0.008338794112205505,0.14160437881946564,0.032991617918014526,0.08454810827970505,1.0,0.705539345741272,0.8746355772018433,0.17201165854930878,35.45307540893555,30.667564392089844,178.58331298828125,0.0,0.8571428656578064,0.17201165854930878,0.0625295639038086,0.002974963281303644,0.041932106018066406,0.00214508012868464,0.875,1.0,116.08235931396484,35.45307540893555,0.0,0.0,0.0,0.0,0.0,0.0,0.0,0.0,0.0,0.0,0.0,0.0,0.0,0.0,0.0,0.0,0.0,0.0,0.0,0.0,0.0,0.0,0.0,0.0,0.0,0.0
iEByXfUcsMw_01636_01920.mp4,/Users/josephkamil/Desktop/Capstone/Oly_Data/raw/snatch_mp4/iEByXfUcsMw_01636_01920.mp4,snatch,263,263,285,119.7581558227539,52.48967742919922,41.13528060913086,179.1829833984375,83.1384048461914,114.99186706542969,53.83363723754883,27.43560791015625,177.12327575683594,78.27252960205078,169.47677612304688,16.541440963745117,60.547637939453125,178.5567626953125,3.734100341796875,0.0,0.0,0.0,0.0,0.0,0.5936028361320496,0.14762435853481293,0.4100114703178406,0.7775603532791138,-0.19866293668746948,0.682239830493927,0.04879777133464813,0.6165025234222412,0.7758502960205078,-0.09966409206390381,0.09023860841989517,0.020292576402425766,0.021117327734827995,0.1211216151714325,-0.04348364472389221,0.4790874421596527,1.0,0.4030418395996094,0.9771863222122192,0.5779467821121216,41.13528060913086,27.43560791015625,178.5567626953125,0.0,0.03041825070977211,0.03041825070977211,0.0619848370552063,0.005059016402810812,0.049087345600128174,0.002413633279502392,0.0,0.0,41.13528060913086,132.52908325195312,0.0,0.0,0.0,0.0,0.0,0.0,0.0,0.0,0.0,0.0,0.0,0.0,0.0,0.0,0.0,0.0,0.0,0.0,0.0,0.0,0.0,0.0,0.0,0.0,0.0,0.0
iEByXfUcsMw_08951_09530.mp4,/Users/josephkamil/Desktop/Capstone/Oly_Data/raw/snatch_mp4/iEByXfUcsMw_08951_09530.mp4,snatch,568,568,580,139.39199829101562,34.6182746887207,53.256500244140625,179.0673828125,-4.224395751953125,114.4259033203125,46.50049591064453,52.39916229248047,179.2056121826172,-5.5751190185546875,166.69883728027344,19.54608726501465,18.733537673950195,178.71119689941406,32.003944396972656,0.0,0.0,0.0,0.0,0.0,0.6624590754508972,0.11896203458309174,0.3909943103790283,0.7866254448890686,0.00873488187789917,0.6533554792404175,0.04539681226015091,0.5602829456329346,0.7489092350006104,-0.019770026206970215,0.0979083850979805,0.016109304502606392,0.01929057203233242,0.14582203328609467,0.022518426179885864,0.13556337356567383,1.0,0.716549277305603,0.8503521084785461,0.13556337356567383,53.256500244140625,52.39916229248047,178.71119689941406,0.0,0.7376760840415955,0.6355633735656738,0.055341362953186035,0.0031419387087225914,0.02939748764038086,0.0015427700709551573,1.0,1.0,89.99946594238281,53.256500244140625,0.0,0.0,0.0,0.0,0.0,0.0,0.0,0.0,0.0,0.0,0.0,0.0,0.0,0.0,0.0,0.0,0.0,0.0,0.0,0.0,0.0,0.0,0.0,0.0,0.0,0.0
qnkisPB3PPY_00154_00427.mp4,/Users/josephkamil/Desktop/Capstone/Oly_Data/raw/snatch_mp4/qnkisPB3PPY_00154_00427.mp4,snatch,129,129,274,157.59799194335938,33.35605239868164,10.01875114440918,178.9072265625,11.967880249023438,151.562255859375,38.47270202636719,12.260225296020508,179.12106323242188,73.55866241455078,142.5595703125,35.514400482177734,14.49510383605957,178.4696044921875,27.386810302734375,0.0,0.0,0.0,0.0,0.0,0.4817879796028137,0.12722767889499664,0.34520453214645386,0.7083314061164856,-0.139959454536438,0.5126573443412781,0.05087539926171303,0.37891900539398193,0.5624097585678101,0.011903911828994751,0.0696413516998291,0.030990542843937874,0.005965585354715586,0.15307489037513733,0.05427534878253937,0.6899224519729614,1.0,0.01550387591123581,0.9922480583190918,0.9844961166381836,10.01875114440918,12.260225296020508,178.4696044921875,0.0,0.8294573426246643,0.8062015771865845,0.3235541582107544,0.02490791492164135,0.15314432978630066,0.007766220718622208,0.25,0.0,56.473148345947266,10.01875114440918,0.0,0.0,0.0,0.0,0.0,0.0,0.0,0.0,0.0,0.0,0.0,0.0,0.0,0.0,0.0,0.0,0.0,0.0,0.0,0.0,0.0,0.0,0.0,0.0,0.0,0.0
vYVUB81VKEk_00001_00569.mp4,/Users/josephkamil/Desktop/Capstone/Oly_Data/raw/snatch_mp4/vYVUB81VKEk_00001_00569.mp4,snatch,445,445,569,139.9048614501953,38.37725830078125,2.7604920864105225,179.46473693847656,-21.4061279296875,103.81880187988281,49.208282470703125,19.36760902404785,179.35382080078125,-15.80389404296875,154.21206665039062,29.936573028564453,7.810595512390137,179.09222412109375,-15.805984497070312,0.0,0.0,0.0,0.0,0.0,0.5619083642959595,0.11241026222705841,0.24987775087356567,0.7328861951828003,-0.060236960649490356,0.5212987065315247,0.05027664080262184,0.40461960434913635,0.6709441542625427,-0.08705076575279236,0.11939668655395508,0.04318346455693245,0.006391085684299469,0.3041689097881317,0.010699287056922913,0.056179776787757874,1.0,0.550561785697937,0.7707865238189697,0.2224719077348709,2.7604920864105225,19.36760902404785,179.09222412109375,0.0,0.05842696502804756,0.2044943869113922,0.22571152448654175,0.0184280164539814,0.08543547987937927,0.006237185560166836,0.0,1.0,2.7604920864105225,17.34552001953125,0.0,0.0,0.0,0.0,0.0,0.0,0.0,0.0,0.0,0.0,0.0,0.0,0.0,0.0,0.0,0.0,0.0,0.0,0.0,0.0,0.0,0.0,0.0,0.0,0.0,0.0
wYyhpNEQuLM_00700_01056.mp4,/Users/josephkamil/Desktop/Capstone/Oly_Data/raw/snatch_mp4/wYyhpNEQuLM_00700_01056.mp4,snatch,260,260,356,130.89617919921875,51.23619842529297,19.828367233276367,179.3415069580078,81.9214096069336,135.4041748046875,47.976036071777344,9.221935272216797,179.40948486328125,60.411407470703125,123.53622436523438,56.409507751464844,1.5477147102355957,179.16741943359375,146.0549774169922,0.0,0.0,0.0,0.0,0.0,0.502663254737854,0.13814926147460938,0.238247811794281,0.8223989009857178,-0.17031818628311157,0.6302142143249512,0.07793821394443512,0.5590986013412476,0.8043928146362305,-0.11143994331359863,0.0768512561917305,0.049912698566913605,0.006481167394667864,0.1931677907705307,0.1525280624628067,0.39615383744239807,1.0,0.1576923131942749,0.8769230842590332,0.7230769395828247,19.828367233276367,9.221935272216797,179.16741943359375,0.0,0.2807692289352417,0.007692307699471712,0.19477778673171997,0.03085724636912346,0.06992876529693604,0.004269760102033615,1.0,0.0,19.828367233276367,27.094327926635742,0.0,0.0,0.0,0.0,0.0,0.0,0.0,0.0,0.0,0.0,0.0,0.0,0.0,0.0,0.0,0.0,0.0,0.0,0.0,0.0,0.0,0.0,0.0,0.0,0.0,0.0
xJGHLhnJVFs_01193_01411.mp4,/Users/josephkamil/Desktop/Capstone/Oly_Data/raw/snatch_mp4/xJGHLhnJVFs_01193_01411.mp4,snatch,219,219,219,141.82669067382812,52.4578971862793,37.52629470825195,179.48550415039062,42.36235046386719,139.97415161132812,49.155296325683594,45.25278091430664,178.69564819335938,53.46478271484375,173.82061767578125,11.729379653930664,54.36772155761719,179.07594299316406,0.8036651611328125,0.0,0.0,0.0,0.0,0.0,0.3869488835334778,0.14352299273014069,0.1889611780643463,0.7151021957397461,-0.2371860146522522,0.6068494915962219,0.09464877098798752,0.5031816363334656,0.7883105278015137,-0.11160051822662354,0.13355444371700287,0.03055945783853531,0.022207139059901237,0.19844506680965424,0.016341105103492737,0.6164383292198181,1.0,0.13242009282112122,0.7442922592163086,0.6164383292198181,37.52629470825195,45.25278091430664,179.07594299316406,0.0,0.15981735289096832,0.24657534062862396,0.1110336184501648,0.007807482499629259,0.1432645320892334,0.0036361035890877247,1.0,0.0,37.52629470825195,173.37222290039062,0.0,0.0,0.0,0.0,0.0,0.0,0.0,0.0,0.0,0.0,0.0,0.0,0.0,0.0,0.0,0.0,0.0,0.0,0.0,0.0,0.0,0.0,0.0,0.0,0.0,0.0
